,MOFname,vsa,surface_area
0,mof_unit_65969.cif,3340.2708282553926,1869.4187859952874
1,mof_unit_65970.cif,3876.6538056659997,3758.7501863174207
2,mof_unit_65971.cif,3113.260641469219,947.6940588198465
3,mof_unit_65972.cif,3515.7264731683017,1433.2719334283515
4,mof_unit_65973.cif,2664.4884096767582,1675.5890129408122
5,mof_unit_65974.cif,3483.529355243983,532.9114751467563
6,mof_unit_65975.cif,2659.582089542114,356.2596683991235
7,mof_unit_65976.cif,3019.4948707551002,2271.879763679255
8,mof_unit_65977.cif,2953.4761936984432,1480.16508738896
9,mof_unit_65978.cif,3387.197193677655,3663.5635040460916
10,mof_unit_65979.cif,3219.9696685351764,1184.4467981189555
11,mof_unit_65980.cif,3352.013190951493,832.6850201786076
12,mof_unit_65981.cif,2485.7718868165193,2878.596505390794
13,mof_unit_65982.cif,3936.3947247876367,8798.350472479357
14,mof_unit_65983.cif,3185.8177175366054,1082.1093420300442
15,mof_unit_65984.cif,2396.789562012972,341.95657195878465
16,mof_unit_65985.cif,3503.4871893987342,6182.321264328396
17,mof_unit_65986.cif,3743.639351433761,3483.246850397266
18,mof_unit_65987.cif,3766.7100510702508,2849.279866464245
19,mof_unit_65988.cif,657.261960194082,107.10086139239752
20,mof_unit_65989.cif,4179.507344609463,2236.6788400311257
21,mof_unit_65990.cif,3092.1544494967097,4644.33129999115
22,mof_unit_65991.cif,2752.2243479124054,405.67752245508404
23,mof_unit_65992.cif,2946.1811021532026,866.2115173538732
24,mof_unit_65993.cif,3139.0499587631944,12311.911855722845
25,mof_unit_65994.cif,4104.692964168402,10793.200310832673
26,mof_unit_65995.cif,2505.4789437400727,3626.312851412721
27,mof_unit_65996.cif,3595.828582671631,7352.9870500113575
28,mof_unit_65997.cif,3130.6501759617518,647.4609286279054
29,mof_unit_65998.cif,3853.298485862048,4301.572318144753
30,mof_unit_65999.cif,2585.9620837406505,763.7947737495708
31,mof_unit_66000.cif,3078.104552016962,8191.4851821299735
32,mof_unit_66001.cif,450.29415291949056,132.55218839052372
33,mof_unit_66002.cif,2804.4246334654135,5648.464000146913
34,mof_unit_66003.cif,3090.098024319751,908.1443070011702
35,mof_unit_66004.cif,3736.4074426410275,1171.1644538264538
36,mof_unit_66005.cif,3416.085207712593,1077.056856795353
37,mof_unit_66006.cif,4159.614002797899,3040.307271327477
38,mof_unit_66007.cif,3717.6067511830784,5542.388666123177
39,mof_unit_66008.cif,3520.056794032558,8307.91389549579
40,mof_unit_66009.cif,3294.363907619919,1540.0627997364525
41,mof_unit_66010.cif,4019.6610675932466,15860.393550846265
42,mof_unit_66011.cif,3277.5768729131205,5613.2295525635745
43,mof_unit_66012.cif,3741.564289493194,3250.497873014817
44,mof_unit_66013.cif,3945.192609604994,23551.786769423186
45,mof_unit_66014.cif,3131.2458070132207,1270.563440076386
46,mof_unit_66015.cif,3143.683121274111,451.0508445757196
47,mof_unit_66016.cif,2922.074170583512,4429.440369897623
48,mof_unit_66017.cif,4177.0258411446275,16630.682087717007
49,mof_unit_66018.cif,3563.4985949577003,1045.3613850619533
50,mof_unit_66019.cif,1685.0753923450502,339.22247057590306
51,mof_unit_66020.cif,3855.6145975259615,7743.061960937331
52,mof_unit_66021.cif,4048.0912496381625,1529.6436998468403
53,mof_unit_66022.cif,4027.379782694352,13543.51126251487
54,mof_unit_66023.cif,2697.135982426802,993.5239156141057
55,mof_unit_66024.cif,3008.3092409150595,2702.571561045684
56,mof_unit_66025.cif,4088.6456906155677,6642.777091689572
57,mof_unit_66026.cif,3217.34777461111,2430.126099047285
58,mof_unit_66027.cif,3840.894764514357,5523.049563672412
59,mof_unit_66028.cif,2825.6580209409644,3142.8724174855543
60,mof_unit_66029.cif,3695.5989704990125,539.1378557463701
61,mof_unit_66030.cif,3085.7702538713656,12628.109571749446
62,mof_unit_66031.cif,3250.11916812881,7770.8139704834575
63,mof_unit_66032.cif,3158.150621031974,960.6885955261672
64,mof_unit_66033.cif,963.1554398467142,170.5977377926795
65,mof_unit_66034.cif,547.6685392939256,169.17803165217006
66,mof_unit_66035.cif,3373.5807050526087,1066.1552239821124
67,mof_unit_66036.cif,3279.02061531094,1322.7249758020262
68,mof_unit_66037.cif,3040.6754032489525,841.2246512676353
69,mof_unit_66038.cif,3181.9224948129167,1618.0522577379757
70,mof_unit_66039.cif,3671.7831805225533,2368.378268228572
71,mof_unit_66040.cif,3718.6094969543815,21333.450058409773
72,mof_unit_66041.cif,3807.089227148868,10100.439570210614
73,mof_unit_66042.cif,3440.964326012605,1416.2444117105038
74,mof_unit_66043.cif,3820.096189920602,1301.0938631697766
75,mof_unit_66044.cif,2192.371246276335,1892.0365267959737
76,mof_unit_66045.cif,3830.3644498808717,3625.027299132499
77,mof_unit_66046.cif,3451.621969075234,955.6779657303993
78,mof_unit_66047.cif,3793.048596211198,1458.9576986366594
79,mof_unit_66048.cif,3158.1604325966027,2758.3807026120326
80,mof_unit_66049.cif,3278.766326425904,3991.54307374039
81,mof_unit_66050.cif,3670.0615796464226,5003.6021409664445
82,mof_unit_66051.cif,3728.411961285037,2195.753127178844
83,mof_unit_66052.cif,3755.572207961642,8385.992078357047
84,mof_unit_66053.cif,3327.0696208949416,2451.5210675845415
85,mof_unit_66054.cif,3718.6622225051065,1896.420931932526
86,mof_unit_66055.cif,2698.8629194212476,851.3170553664041
87,mof_unit_66056.cif,3846.004286780771,2413.0417066484247
88,mof_unit_66057.cif,2841.2108762210087,529.3640609789537
89,mof_unit_66058.cif,3500.709928522671,732.7174622070435
90,mof_unit_66059.cif,3941.260035387465,2315.136855581356
91,mof_unit_66060.cif,3165.100106180372,2055.6656607334803
92,mof_unit_66061.cif,4378.952785372909,4335.776635926176
93,mof_unit_66062.cif,1182.1910073957088,194.78650111482884
94,mof_unit_66063.cif,3086.3184969750682,1067.6633549602468
95,mof_unit_66064.cif,3227.0046872321027,463.59859811201375
96,mof_unit_66065.cif,2558.6887160627557,1827.6856398487369
97,mof_unit_66066.cif,3381.1654251758155,807.8530361809878
98,mof_unit_66067.cif,3806.298237080929,5742.440096392716
99,mof_unit_66068.cif,3511.651395294623,5314.34840519931
100,mof_unit_66069.cif,3811.937755196539,7547.25393484287
101,mof_unit_66070.cif,3851.6500492945956,1198.9543431260045
102,mof_unit_66071.cif,3050.598876554106,2253.5412192187487
103,mof_unit_66072.cif,2743.332438513781,1307.3906154448314
104,mof_unit_66073.cif,2509.380987852295,437.84085901601225
105,mof_unit_66074.cif,3263.592096597492,5456.71884660568
106,mof_unit_66075.cif,3839.4704643230607,10500.563457429338
107,mof_unit_66076.cif,1607.4739353852997,817.2241101861406
108,mof_unit_66077.cif,3371.5665392535425,1109.3522187875483
109,mof_unit_66078.cif,3768.684693919516,2213.6137003082563
110,mof_unit_66079.cif,3338.547421941477,1671.8900452018072
111,mof_unit_66080.cif,3987.5407026110447,10908.458231156315
112,mof_unit_66081.cif,3488.8361047645353,1972.656911565242
113,mof_unit_66082.cif,41.611181830474386,6.282311944421888
114,mof_unit_66083.cif,3440.2117466952755,3144.7848117479393
115,mof_unit_66084.cif,3823.0027366169497,5568.783630165069
116,mof_unit_66085.cif,3028.4014928817523,4384.441016683287
117,mof_unit_66086.cif,2684.3093961928394,785.9140647474467
118,mof_unit_66087.cif,3721.7293017125708,1405.5660770198963
119,mof_unit_66088.cif,3636.73159890512,6316.496952404073
120,mof_unit_66089.cif,3311.8190025211024,648.5930125362007
121,mof_unit_66090.cif,3586.782422018481,9526.55177115395
122,mof_unit_66091.cif,2314.883119126091,433.28700579650183
123,mof_unit_66092.cif,2567.9029196849556,1116.4555168569475
124,mof_unit_66093.cif,2026.2078792036746,2656.7021877282336
125,mof_unit_66094.cif,3618.480658484957,8009.957100508802
126,mof_unit_66095.cif,2288.082956273498,1174.2963169675959
127,mof_unit_66096.cif,3554.0889621723645,1970.754941107276
128,mof_unit_66097.cif,3453.998878370241,4164.458854522072
129,mof_unit_66098.cif,2878.0987617212663,221.05730313186606
130,mof_unit_66099.cif,323.7830482141287,95.01922281652396
131,mof_unit_66100.cif,2660.174463402853,1346.131865827735
132,mof_unit_66101.cif,3558.1576673040695,3921.568603996337
133,mof_unit_66102.cif,3570.6950423228773,10453.699526563583
134,mof_unit_66103.cif,3172.2285059270903,593.3122790002027
135,mof_unit_66104.cif,3978.22850036285,10882.174328697924
136,mof_unit_66105.cif,2578.55121862433,2032.9546083477983
137,mof_unit_66106.cif,3619.2586867821333,9226.4753703071
138,mof_unit_66107.cif,3272.9938464113675,1656.9240695699702
139,mof_unit_66108.cif,3717.973041153172,9583.955456345944
140,mof_unit_66109.cif,3338.630701912962,3669.097908023047
141,mof_unit_66110.cif,2954.432494368046,4234.57901248384
142,mof_unit_66111.cif,2867.6438575472157,3745.4089261670947
143,mof_unit_66112.cif,3363.8266355972405,419.6491667333021
144,mof_unit_66113.cif,3458.347785518984,2048.106354207226
145,mof_unit_66114.cif,3210.903429788906,1345.569448486111
146,mof_unit_66115.cif,3618.502350165073,3948.733280229509
147,mof_unit_66116.cif,3294.505830269145,4684.792005294423
148,mof_unit_66117.cif,3221.2045441167757,13186.529791212468
149,mof_unit_66118.cif,2182.6068744948725,2323.32521577101
150,mof_unit_66119.cif,774.7130714787742,176.58846438575478
151,mof_unit_66120.cif,3425.96457395291,1040.8414359103601
152,mof_unit_66121.cif,3650.320613786241,1877.1362968443907
153,mof_unit_66122.cif,3089.721449598026,569.5545029202178
154,mof_unit_66123.cif,1672.2859746206345,195.1179328565973
155,mof_unit_66124.cif,4151.846069422277,13595.04732756355
156,mof_unit_66125.cif,2072.3045464400134,951.6804602955058
157,mof_unit_66126.cif,3694.6310546099476,5447.259927386744
158,mof_unit_66127.cif,3053.409596088863,6570.23496842462
159,mof_unit_66128.cif,3763.0347400059136,1639.496249257794
160,mof_unit_66129.cif,1611.1189800018553,202.16609754572232
161,mof_unit_66130.cif,3549.041667624443,10491.956370062842
162,mof_unit_66131.cif,2885.1336165850494,751.1964342883684
163,mof_unit_66132.cif,4077.697592228092,1236.034320884487
164,mof_unit_66133.cif,3859.651968698603,11424.991311454884
165,mof_unit_66134.cif,3722.168128858488,11043.650614012915
166,mof_unit_66135.cif,3220.4499892668146,1691.3668358045982
167,mof_unit_66136.cif,3749.2196012627232,12496.609639397884
168,mof_unit_66137.cif,3892.584890484707,5930.041729555694
169,mof_unit_66138.cif,3126.2572553984405,4463.967158027771
170,mof_unit_66139.cif,3126.425157802269,5224.666456133119
171,mof_unit_66140.cif,3369.756308570733,8055.478559718626
172,mof_unit_66141.cif,3511.8930766483404,1397.8925390431655
173,mof_unit_66142.cif,1589.5643139734318,275.82111115866087
174,mof_unit_66143.cif,3695.87035163046,6421.10805449461
175,mof_unit_66144.cif,3428.9556975748887,1315.6258701880226
176,mof_unit_66145.cif,3663.5961976340313,1016.0655843194784
177,mof_unit_66146.cif,3376.343190572742,1484.1553624483613
178,mof_unit_66147.cif,2169.371803809269,653.0468170252686
179,mof_unit_66148.cif,1035.13442467081,121.64675425017263
180,mof_unit_66149.cif,3955.3606018357036,10177.518366895676
181,mof_unit_66150.cif,3255.1579309917333,946.8452978742191
182,mof_unit_66151.cif,3646.0623997116736,553.9281425214458
183,mof_unit_66152.cif,3166.203327041457,2347.1606331718344
184,mof_unit_66153.cif,3341.1631572391425,2883.0949817566
185,mof_unit_66154.cif,3758.0380669746746,9872.319710753707
186,mof_unit_66155.cif,3407.784823467749,816.4858327709543
187,mof_unit_66156.cif,3622.421892217512,6203.684941032017
188,mof_unit_66157.cif,3861.2524638772697,2919.2487017618737
189,mof_unit_66158.cif,3707.0490434323965,1814.1128019083358
190,mof_unit_66159.cif,3213.298027153538,1807.5486121338674
191,mof_unit_66160.cif,3036.4585820919847,7258.202513590831
192,mof_unit_66161.cif,3691.99134302144,1578.7894762710368
193,mof_unit_66162.cif,3805.723054904574,1352.9716219726101
194,mof_unit_66163.cif,3778.7543670420614,1700.3643320317383
195,mof_unit_66164.cif,3692.724216269765,5575.67215168191
196,mof_unit_66165.cif,3758.366050805858,5667.430212828445
197,mof_unit_66166.cif,3362.6438126865037,3409.6581620884294
198,mof_unit_66167.cif,3482.4268314348124,3983.8498364069223
199,mof_unit_66168.cif,2694.669911807922,625.2558108895299
200,mof_unit_66169.cif,3828.272567547936,7883.356009090828
201,mof_unit_66170.cif,3458.734920185143,2886.7298987045783
202,mof_unit_66171.cif,1072.8052654718522,230.0097520619461
203,mof_unit_66172.cif,3416.415818677627,1733.3832609315207
204,mof_unit_66173.cif,2758.1439267210058,689.5322829315783
205,mof_unit_66174.cif,2969.5273183505515,1151.8423725246853
206,mof_unit_66175.cif,3725.732797803143,8363.245469425718
207,mof_unit_66176.cif,3263.1356873181976,1940.6823124661641
208,mof_unit_66177.cif,3829.721687448449,15392.576788114555
209,mof_unit_66178.cif,3489.1415797963914,1092.1837966391877
210,mof_unit_66179.cif,3687.106261498481,1384.5335383191198
211,mof_unit_66180.cif,478.6343194617011,187.59246442481594
212,mof_unit_66181.cif,3883.789711366308,4498.029587347801
213,mof_unit_66182.cif,490.55784494629404,33.57754020190488
214,mof_unit_66183.cif,2925.8375877824,3504.813766154435
215,mof_unit_66184.cif,3628.2398339130355,1843.231976028642
216,mof_unit_66185.cif,3673.1153129293198,1490.2830640519282
217,mof_unit_66186.cif,3484.9273890681516,6010.3828628663705
218,mof_unit_66187.cif,3541.212733629968,4950.645710042814
219,mof_unit_66188.cif,3643.3563983781983,8782.236577741447
220,mof_unit_66189.cif,3208.8637600667917,2320.4934124273973
221,mof_unit_66190.cif,2723.4667935990556,11071.70300694063
222,mof_unit_66191.cif,3270.274456449791,1655.1949149822856
223,mof_unit_66192.cif,1927.5747787177431,346.49678595378936
224,mof_unit_66193.cif,3612.9418103873722,2687.7443841188715
225,mof_unit_66194.cif,4062.634876259611,12102.59384867379
226,mof_unit_66195.cif,3053.458158537486,1567.2075237146794
227,mof_unit_66196.cif,2989.344959951636,2080.6018246558806
228,mof_unit_66197.cif,2888.281348993317,4829.822573001471
229,mof_unit_66198.cif,1529.135963971203,1845.065401647297
230,mof_unit_66199.cif,3734.512708784821,8363.865835014623
231,mof_unit_66200.cif,3033.3839911294513,4303.610247307987
232,mof_unit_66201.cif,256.52541268040244,58.16634293698802
233,mof_unit_66202.cif,3577.3630518512387,4372.182639958707
234,mof_unit_66203.cif,2458.1964462255605,1372.848020019345
235,mof_unit_66204.cif,3965.6946541241578,6678.15656775617
236,mof_unit_66205.cif,3889.88105884619,7231.344455229859
237,mof_unit_66206.cif,3784.5757583602153,6851.11662614472
238,mof_unit_66207.cif,2651.179633134345,267.9750086390615
239,mof_unit_66208.cif,2831.7203183136626,1131.9243012514005
240,mof_unit_66209.cif,3716.8133853091485,4141.209242049381
241,mof_unit_66210.cif,2851.069281866613,1459.3758430480557
242,mof_unit_66211.cif,3653.4498080312605,1466.8801952648162
243,mof_unit_66212.cif,3706.4784691090517,8309.82442993534
244,mof_unit_66213.cif,2245.124568682501,3368.3272214829453
245,mof_unit_66214.cif,3996.482553895933,1827.9010996976979
246,mof_unit_66215.cif,2780.923036073441,4760.281559791412
247,mof_unit_66216.cif,3379.0801246739043,6835.441786258915
248,mof_unit_66217.cif,961.7693119688975,297.59688156623713
249,mof_unit_66218.cif,3454.7234872425133,6983.1884854388645
250,mof_unit_66219.cif,2848.9940865528774,1007.2270149814989
251,mof_unit_66220.cif,2926.5863615606213,1152.2020927375033
252,mof_unit_66221.cif,2756.056919237986,1395.6842083236033
253,mof_unit_66222.cif,3456.705493595931,8208.490239889565
254,mof_unit_66223.cif,4060.672409053588,41826.575355917965
255,mof_unit_66224.cif,3547.303679041309,1128.7267536910579
256,mof_unit_66225.cif,2499.5437642654206,286.00293755072164
257,mof_unit_66226.cif,1975.972362090443,354.9606606775684
258,mof_unit_66227.cif,3073.6380724522064,2222.9855707071442
259,mof_unit_66228.cif,4442.377245884494,1832.9385759734885
260,mof_unit_66229.cif,3073.0864070532853,914.3778708523865
261,mof_unit_66230.cif,3838.6096504005104,1998.3638071257376
262,mof_unit_66231.cif,3745.757849329169,7315.252376910232
263,mof_unit_66232.cif,2962.981905486735,2578.0992049557967
264,mof_unit_66233.cif,3607.8900812297943,1004.302118393579
265,mof_unit_66234.cif,3874.0162090233484,2816.906811314932
266,mof_unit_66235.cif,2668.4107499496054,588.7045081967756
267,mof_unit_66236.cif,3401.4483268492395,1058.08650820708
268,mof_unit_66237.cif,3220.902871046417,545.4468775115328
269,mof_unit_66238.cif,3447.354649073119,1378.07680986296
270,mof_unit_66239.cif,2914.8351950054907,2537.213735905408
271,mof_unit_66240.cif,3005.7638108142596,6034.422282727758
272,mof_unit_66241.cif,3515.0417850173008,4357.533729565432
273,mof_unit_66242.cif,3958.011713244361,4084.1244944851524
274,mof_unit_66243.cif,3518.4598399522824,659.2752679344408
275,mof_unit_66244.cif,3673.624393073154,1638.8444473219909
276,mof_unit_66245.cif,3310.0667347718945,1300.298146445309
277,mof_unit_66246.cif,2823.784122076982,1433.4902804009625
278,mof_unit_66247.cif,3022.6130249175694,1555.6233751850593
279,mof_unit_66248.cif,3470.137437713876,4501.852888328458
280,mof_unit_66249.cif,3628.260049428798,1768.6636354578586
281,mof_unit_66250.cif,2742.3542736687104,539.7324320011921
282,mof_unit_66251.cif,3012.882489872097,8792.651037498707
283,mof_unit_66252.cif,3801.001208150406,7813.901898616741
284,mof_unit_66253.cif,3320.4525124146303,1678.0058338860335
285,mof_unit_66254.cif,3791.9210588189635,2170.3598850872904
286,mof_unit_66255.cif,3441.8818001147843,6318.696920203993
287,mof_unit_66256.cif,3606.9002911532953,1593.8401853691323
288,mof_unit_66257.cif,3404.9985134837557,1363.5101699273002
289,mof_unit_66258.cif,2541.047593441845,392.54490646845284
290,mof_unit_66259.cif,2552.9426061608683,2759.1466307549595
291,mof_unit_66260.cif,3009.235764409861,1524.8987749621388
292,mof_unit_66261.cif,4495.4926898169915,3170.3794896188488
293,mof_unit_66262.cif,2850.706978859177,1446.2468571717366
294,mof_unit_66263.cif,2943.514859528305,1004.1916678498603
295,mof_unit_66264.cif,3615.318357009188,1333.72541641661
296,mof_unit_66265.cif,3250.004873753711,10512.996172125835
297,mof_unit_66266.cif,3287.3972670343096,680.1675172444737
298,mof_unit_66267.cif,3470.221668842024,1755.3539184685665
299,mof_unit_66268.cif,4082.661619994895,11130.053420503571
300,mof_unit_66269.cif,3590.3285335116907,762.0049157378375
301,mof_unit_66270.cif,3610.734871630087,1537.4104960014924
302,mof_unit_66271.cif,3321.4698730324326,4951.333663856081
303,mof_unit_66272.cif,3570.5367057141125,4771.011814013005
304,mof_unit_66273.cif,3523.118297696967,1360.6739447920288
305,mof_unit_66274.cif,3527.593319544101,720.0914515977488
306,mof_unit_66275.cif,2196.6071404978406,410.6188094470055
307,mof_unit_66276.cif,4050.4852007601085,1324.3126503353526
308,mof_unit_66277.cif,3418.4850996900627,1354.5590750236547
309,mof_unit_66278.cif,3165.514030701968,4885.008285926064
310,mof_unit_66279.cif,3048.270981914628,1423.897252874833
311,mof_unit_66280.cif,3753.9830637643818,8986.175271818063
312,mof_unit_66281.cif,1070.0182842924833,124.50924938321383
313,mof_unit_66282.cif,52.22412467519187,9.696506875748975
314,mof_unit_66283.cif,3475.533837576338,3033.1094898590227
315,mof_unit_66284.cif,3543.1375344059934,670.4053667902282
316,mof_unit_66285.cif,3763.158213210423,5109.558628540089
317,mof_unit_66286.cif,3842.682195219986,1073.6335151170147
318,mof_unit_66287.cif,3137.178586602545,878.3736828034397
319,mof_unit_66288.cif,3757.7266990639478,2071.9935309178145
320,mof_unit_66289.cif,2854.196192760814,559.3409464423555
321,mof_unit_66290.cif,3127.9178389484423,10235.439122110152
322,mof_unit_66291.cif,3720.435985454704,545.325472234231
323,mof_unit_66292.cif,4334.165633696452,1170.9795648156055
324,mof_unit_66293.cif,1764.5921678190903,877.5470543780566
325,mof_unit_66294.cif,2057.7714988742596,775.9613138669074
326,mof_unit_66295.cif,3496.4987273858646,532.4283908736174
327,mof_unit_66296.cif,2127.873637385722,1843.3249090517227
328,mof_unit_66297.cif,3572.1770287797153,1777.6318284795218
329,mof_unit_66298.cif,3727.3239205353525,1371.9622683910181
330,mof_unit_66299.cif,2914.761037804531,1101.8307967271046
331,mof_unit_66300.cif,1073.9206038591847,655.3865495699561
332,mof_unit_66301.cif,3059.1600657191,897.536846640827
333,mof_unit_66302.cif,3185.1379676090537,1686.3682917157707
334,mof_unit_66303.cif,3578.2394851972795,1215.708873008626
335,mof_unit_66304.cif,4121.959529033061,1107.6782981111023
336,mof_unit_66305.cif,3854.2910398175686,2664.69651687241
337,mof_unit_66306.cif,3541.482445553222,7121.9466890546155
338,mof_unit_66307.cif,3352.793057015191,5617.00492697751
339,mof_unit_66308.cif,3463.3981577575078,7735.400483534801
340,mof_unit_66309.cif,3479.8902291849245,6555.032616219932
341,mof_unit_66310.cif,3617.6083600220054,7176.895265140944
342,mof_unit_66311.cif,3047.1507088319113,3253.56623985604
343,mof_unit_66312.cif,226.38274752312105,88.2643430803711
344,mof_unit_66313.cif,3516.8866924009817,1472.3618958834152
345,mof_unit_66314.cif,3195.4908650155544,2756.181736980172
346,mof_unit_66315.cif,3186.527350570277,2777.6886121893435
347,mof_unit_66316.cif,1133.9781154798022,459.97740206994547
348,mof_unit_66317.cif,3293.659633162132,2459.823046614103
349,mof_unit_66318.cif,3402.290391183991,1742.594811144909
350,mof_unit_66319.cif,3569.58773275426,2705.1939583893777
351,mof_unit_66320.cif,3790.210790893873,11239.653668608507
352,mof_unit_66321.cif,3486.2425449659204,2897.3877674898445
353,mof_unit_66322.cif,3094.9866591161895,2351.5317053891686
354,mof_unit_66323.cif,2922.6559901397236,888.208818738214
355,mof_unit_66324.cif,3790.932813212675,1997.4634895030727
356,mof_unit_66325.cif,4091.362616235331,1690.8574893876726
357,mof_unit_66326.cif,2684.43281385673,5869.5912162816885
358,mof_unit_66327.cif,3116.018177821836,645.1693080039113
359,mof_unit_66328.cif,115.90883602946559,20.137035568851296
360,mof_unit_66329.cif,3598.638785036749,10636.747685068965
361,mof_unit_66330.cif,2755.54611923113,3924.451323132084
362,mof_unit_66331.cif,3136.8815955668733,1053.8436867974415
363,mof_unit_66332.cif,3699.758438537798,1256.3975338456369
364,mof_unit_66333.cif,2911.6765861923177,1469.4048812230017
365,mof_unit_66334.cif,3807.7146700952085,1156.8465102192342
366,mof_unit_66335.cif,4044.1751109089273,7418.671957730273
367,mof_unit_66336.cif,3509.3393812474937,566.9481653981686
368,mof_unit_66337.cif,3841.2044829906476,1876.3137980425502
369,mof_unit_66338.cif,3955.4607441246835,8018.064091877925
370,mof_unit_66339.cif,3851.665770218169,7796.447786315646
371,mof_unit_66340.cif,2691.1263056015173,941.5243588348894
372,mof_unit_66341.cif,3641.032367991949,1183.306238193681
373,mof_unit_66342.cif,2319.50130258851,1227.991816987759
374,mof_unit_66343.cif,3265.945556968476,4700.839103489327
375,mof_unit_66344.cif,3568.870352557021,1211.389900963861
376,mof_unit_66345.cif,3191.019556684892,4539.7766963029
377,mof_unit_66346.cif,3080.9544019530017,1549.6101076646935
378,mof_unit_66347.cif,3098.783779533112,2641.3279008699997
379,mof_unit_66348.cif,3487.9866573748595,6171.424321912991
380,mof_unit_66349.cif,1421.5264968702124,164.5038758543796
381,mof_unit_66350.cif,3592.881630234952,9354.035534984354
382,mof_unit_66351.cif,2448.22675118338,1224.3503670978548
383,mof_unit_66352.cif,4272.767612270792,6927.225215766127
384,mof_unit_66353.cif,3857.899768780654,2655.9286993425803
385,mof_unit_66354.cif,2315.8964167317313,1060.1197092733717
386,mof_unit_66355.cif,3206.275418886319,4537.382501107971
387,mof_unit_66356.cif,2859.461805753458,2067.694119999709
388,mof_unit_66357.cif,3335.927304085486,8107.454625238775
389,mof_unit_66358.cif,3685.9606153408486,755.7163520240347
390,mof_unit_66359.cif,2368.8067859759185,1140.0268456961273
391,mof_unit_66360.cif,3242.57491320887,2352.697145157461
392,mof_unit_66361.cif,3762.321673274629,7728.544175909031
393,mof_unit_66362.cif,3408.7985225006087,1750.9182723850363
394,mof_unit_66363.cif,3982.091747298626,1699.2294992298725
395,mof_unit_66364.cif,3529.2073996213394,1855.3485271236739
396,mof_unit_66365.cif,3665.4089859824508,1114.7468831524764
397,mof_unit_66366.cif,2565.4789393696033,292.7600965123446
398,mof_unit_66367.cif,352.26346836778123,97.48083973139283
399,mof_unit_66368.cif,3309.4442151293883,1753.1782477462298
400,mof_unit_66369.cif,4091.232760782122,1515.61967108192
401,mof_unit_66370.cif,3337.0457243338237,1685.8244647486733
402,mof_unit_66371.cif,3871.8348181568863,8673.885013756128
403,mof_unit_66372.cif,3226.4642540653153,1230.5428703330872
404,mof_unit_66373.cif,3347.6748179861397,4498.7476831717795
405,mof_unit_66374.cif,3831.3967353151497,5506.72384862064
406,mof_unit_66375.cif,4011.860932088847,5197.407082872585
407,mof_unit_66376.cif,3456.9462480282104,6005.661102515098
408,mof_unit_66377.cif,3617.1641662562542,8069.428624396906
409,mof_unit_66378.cif,3303.7545239837414,2900.67841614848
410,mof_unit_66379.cif,3500.556720260622,3214.248485230054
411,mof_unit_66380.cif,4025.2420282779194,1280.276388477288
412,mof_unit_66381.cif,4025.9568123974814,2341.9935065088225
413,mof_unit_66382.cif,3615.041027383492,2034.792887727101
414,mof_unit_66383.cif,2445.4449224699074,425.4349263968791
415,mof_unit_66384.cif,3244.9301174267,1653.2147078716705
416,mof_unit_66385.cif,3666.0094771287295,4452.881933681452
417,mof_unit_66386.cif,573.5814166136279,133.0651476390019
418,mof_unit_66387.cif,3484.596533172988,3902.9596312402114
419,mof_unit_66388.cif,3540.2281521396003,4746.725984902638
420,mof_unit_66389.cif,273.6952953942921,54.23092322691121
421,mof_unit_66390.cif,2759.996702138742,1374.578839651137
422,mof_unit_66391.cif,3419.16537144662,1754.2071114863004
423,mof_unit_66392.cif,3349.3905431142975,1999.7669916304826
424,mof_unit_66393.cif,3836.6030129295245,8330.591662707315
425,mof_unit_66394.cif,3599.823799116228,1670.7998387235846
426,mof_unit_66395.cif,3488.700920925067,1831.8147481706862
427,mof_unit_66396.cif,3070.5252594197977,1578.0438962237265
428,mof_unit_66397.cif,1387.1617523040893,1199.6262119848857
429,mof_unit_66398.cif,3184.0932225102806,468.67879062311374
430,mof_unit_66399.cif,1204.218171140736,194.8566654451541
431,mof_unit_66400.cif,2908.6491241617855,547.8372541005925
432,mof_unit_66401.cif,3762.030349648002,2188.60758411303
433,mof_unit_66402.cif,3399.6181371657713,541.5909777947036
434,mof_unit_66403.cif,2383.855129799018,1392.9259952171049
435,mof_unit_66404.cif,4032.5940491192687,1821.844175035023
436,mof_unit_66405.cif,2798.6385127808653,582.8742431608713
437,mof_unit_66406.cif,3961.672784227753,2039.9251332868791
438,mof_unit_66407.cif,3844.512845331809,7707.407243655171
439,mof_unit_66408.cif,4015.187854437528,1556.878662932449
440,mof_unit_66409.cif,2154.3167493020883,2293.606729444958
441,mof_unit_66410.cif,2597.7712887536786,1058.7411878417543
442,mof_unit_66411.cif,3966.4135691088013,828.6266385320691
443,mof_unit_66412.cif,3677.620082740119,1149.6054658783464
444,mof_unit_66413.cif,3406.4873918005287,1414.4214020422937
445,mof_unit_66414.cif,3820.8576606863276,3500.2939143922126
446,mof_unit_66415.cif,2882.4139525638493,11796.467225752216
447,mof_unit_66416.cif,3380.843085702438,2572.460550368224
448,mof_unit_66417.cif,3862.8212173901456,5376.165303932512
449,mof_unit_66418.cif,2817.950987289954,528.6424811287213
450,mof_unit_66419.cif,3672.242832256124,11291.732297704042
451,mof_unit_66420.cif,4010.973048968966,529.4664030720334
452,mof_unit_66421.cif,2511.7695386268506,2170.971369393776
453,mof_unit_66422.cif,3588.601229437425,2043.1057398088365
454,mof_unit_66423.cif,3329.755620970954,1681.4555586594781
455,mof_unit_66424.cif,3477.6922050049916,5710.0359394761335
456,mof_unit_66425.cif,3879.4125029652614,2944.8375723987633
457,mof_unit_66426.cif,3815.434949244743,7443.772857346644
458,mof_unit_66427.cif,3502.920747090298,8375.350230123515
459,mof_unit_66428.cif,3941.0878819432696,11222.476577235226
460,mof_unit_66429.cif,3383.4631089935747,2813.611431417762
461,mof_unit_66430.cif,3570.7221877302522,5094.20642864901
462,mof_unit_66431.cif,2870.133894830141,1471.3621484240598
463,mof_unit_66432.cif,3150.979756709047,1009.6195796898418
464,mof_unit_66433.cif,3211.7374106324746,8542.013390152946
465,mof_unit_66434.cif,3638.280927237836,10409.907512538759
466,mof_unit_66435.cif,3540.8139111689393,7618.616353938094
467,mof_unit_66436.cif,3136.0862350128696,1769.0450467971527
468,mof_unit_66437.cif,3447.3392496906627,4202.950120523552
469,mof_unit_66438.cif,3437.584449754156,1568.2438801532278
470,mof_unit_66439.cif,4008.382848486162,10775.443033269714
471,mof_unit_66440.cif,38.2513189392617,4.792436761198158
472,mof_unit_66441.cif,3208.1056629787777,7090.790930372735
473,mof_unit_66442.cif,2721.217058332773,409.6694861205365
474,mof_unit_66443.cif,4127.588239520532,9316.647885349343
475,mof_unit_66444.cif,3941.8614080262955,2316.383455254263
476,mof_unit_66445.cif,3113.3087592721217,2337.4463794391854
477,mof_unit_66446.cif,3015.8290863749844,3612.6125182176593
478,mof_unit_66447.cif,3733.5675101361808,8533.414073515889
479,mof_unit_66448.cif,3824.921786664418,1636.2460988700602
480,mof_unit_66449.cif,3005.933360629011,7836.712841082432
481,mof_unit_66450.cif,2845.768026352485,763.4353315677026
482,mof_unit_66451.cif,3772.916304829702,9834.80223637307
483,mof_unit_66452.cif,3790.398524833438,6909.446928802292
484,mof_unit_66453.cif,3656.407005672766,6088.032799525049
485,mof_unit_66454.cif,3395.334364035427,4934.148523722413
486,mof_unit_66455.cif,3460.2719233022626,9027.250734967358
487,mof_unit_66456.cif,4146.215238476939,2282.816695427549
488,mof_unit_66457.cif,3126.936169498016,1069.1264166501714
489,mof_unit_66458.cif,3963.8729103031137,1106.222031686087
490,mof_unit_66459.cif,4079.924887629166,9175.860022813005
491,mof_unit_66460.cif,3629.0272677710004,1865.1576082597762
492,mof_unit_66461.cif,197.70717943385952,38.12292211682475
493,mof_unit_66462.cif,3250.0516090620827,1275.4335385787767
494,mof_unit_66463.cif,3499.6563150723177,2622.8396359576036
495,mof_unit_66464.cif,3167.5875257726357,1073.5868797448684
496,mof_unit_66465.cif,2974.6957503823423,1521.212854257427
497,mof_unit_66466.cif,3778.020993637866,2817.9747140561094
498,mof_unit_66467.cif,3120.1945653507255,2303.1308162910987
499,mof_unit_66468.cif,3697.763523592221,563.364566366182
500,mof_unit_66469.cif,3092.2755750434817,694.723445919981
501,mof_unit_66470.cif,2724.8280489828944,797.1734040126136
502,mof_unit_66471.cif,3977.1884011649163,10791.840607541048
503,mof_unit_66472.cif,3480.2484609524154,1771.7693212782137
504,mof_unit_66473.cif,3806.920019191242,1853.847621808643
505,mof_unit_66474.cif,3215.0497170568183,2327.3762806482573
506,mof_unit_66475.cif,4089.824426094357,1646.0965296486675
507,mof_unit_66476.cif,3718.1390997983817,981.8185016080553
508,mof_unit_66477.cif,3623.68597588738,9298.256061048227
509,mof_unit_66478.cif,3743.3649025789136,11552.450632578753
510,mof_unit_66479.cif,41.13458833720376,7.372029904987273
511,mof_unit_66480.cif,470.4677445322837,106.8568413246226
512,mof_unit_66481.cif,3591.464753625247,3828.683190180039
513,mof_unit_66482.cif,2879.1972146601747,1481.1686817285188
514,mof_unit_66483.cif,2962.295168477556,1009.4725578660419
515,mof_unit_66484.cif,2874.1252986731865,976.523934668256
516,mof_unit_66485.cif,2512.9574702390037,732.624720821113
517,mof_unit_66486.cif,2880.2424426689995,8413.766789051686
518,mof_unit_66487.cif,3150.492666785136,1389.8005660577185
519,mof_unit_66488.cif,2771.034124165606,7375.615879063313
520,mof_unit_66489.cif,389.1137337987254,102.74436302338576
521,mof_unit_66490.cif,3766.202972806943,5178.248373813579
522,mof_unit_66491.cif,3919.190718042161,10149.235300956594
523,mof_unit_66492.cif,3783.4625844672096,12512.708149756563
524,mof_unit_66493.cif,3563.8430976976997,1591.3996940940629
525,mof_unit_66494.cif,3525.9844696655887,8036.6414822031
526,mof_unit_66495.cif,3222.6355185881553,1640.0546547855995
527,mof_unit_66496.cif,3005.7127986505284,2632.186028040077
528,mof_unit_66497.cif,3675.361749065493,5549.241342067841
529,mof_unit_66498.cif,817.561070778118,301.1488510433875
530,mof_unit_66499.cif,2918.880273367835,9623.59719242673
531,mof_unit_66500.cif,3206.569522442705,4573.660358005358
532,mof_unit_66501.cif,2960.0052559666055,991.743246760884
533,mof_unit_66502.cif,3189.5000771808027,1193.5621810396256
534,mof_unit_66503.cif,3428.6907301975125,4190.624582831218
535,mof_unit_66504.cif,3376.9869344654658,4040.8785740865246
536,mof_unit_66505.cif,3666.441803138279,1450.009575679663
537,mof_unit_66506.cif,3449.3775380592438,1577.0843752875041
538,mof_unit_66507.cif,2291.3278916278464,271.59182844256355
539,mof_unit_66508.cif,3696.0407025860254,5499.35252871559
540,mof_unit_66509.cif,3725.5369217317652,1536.6453815310622
541,mof_unit_66510.cif,3270.9837661514152,941.368286082655
542,mof_unit_66511.cif,3712.736231726743,8321.898134418972
543,mof_unit_66512.cif,3452.5611505542465,5051.923725270355
544,mof_unit_66513.cif,3359.320815634529,9794.676116970593
545,mof_unit_66514.cif,3789.3370015271216,7506.584444004235
546,mof_unit_66515.cif,3023.152564548817,2254.923516844733
547,mof_unit_66516.cif,2855.237695129837,1264.2944971795018
548,mof_unit_66517.cif,3157.4754487454975,37077.06905523371
549,mof_unit_66518.cif,1929.3069318814214,4254.81112678356
550,mof_unit_66519.cif,3791.790372015373,1426.8898680631962
551,mof_unit_66520.cif,2722.359293486337,388.3390568919586
552,mof_unit_66521.cif,3585.498325936768,8585.010116280702
553,mof_unit_66522.cif,3909.911484304278,5626.351504413944
554,mof_unit_66523.cif,3276.143771856912,5568.725837426615
555,mof_unit_66524.cif,2674.973168296001,1977.1295153447477
556,mof_unit_66525.cif,256.38752823725986,36.30473793493026
557,mof_unit_66526.cif,393.5132976173752,44.73019098055599
558,mof_unit_66527.cif,611.6029343320755,68.7866367033214
559,mof_unit_66528.cif,48.49896128057609,9.142983382927683
560,mof_unit_66529.cif,16.45043036808599,3.0118967132753194
561,mof_unit_66530.cif,517.3173619575273,53.47928147657659
562,mof_unit_66531.cif,171.75265625854138,25.831814709180456
563,mof_unit_66532.cif,376.1638641339229,30.41957670899724
564,mof_unit_66533.cif,0.0,0.0
565,mof_unit_66534.cif,328.3748277109687,23.256168976560577
566,mof_unit_66535.cif,225.56897446961116,20.801201242543044
567,mof_unit_66536.cif,237.42616592539156,39.65248818163392
568,mof_unit_66537.cif,344.56742040763135,55.92753405629705
569,mof_unit_66538.cif,710.0762654024654,50.312224643733124
570,mof_unit_66539.cif,53.828293252427336,17.26342705179802
571,mof_unit_66540.cif,136.6530172272611,15.507916072546331
572,mof_unit_66541.cif,25.70705935652916,3.869549936909006
573,mof_unit_66542.cif,7.091059105451584,0.7298673716525952
574,mof_unit_66543.cif,50.868081454515064,13.55096303075381
575,mof_unit_66544.cif,349.7831877501193,24.255182874031515
576,mof_unit_66545.cif,365.28349330332844,92.28278565950438
577,mof_unit_66546.cif,55.99868291713435,12.36555215796008
578,mof_unit_66547.cif,136.37802685819568,29.47501289539831
579,mof_unit_66548.cif,132.89986807249034,26.872636921685366
580,mof_unit_66549.cif,100.54524103414198,12.232972235589612
581,mof_unit_66550.cif,148.31039316384047,35.19213190108715
582,mof_unit_66551.cif,114.1848542881436,22.0472888358482
583,mof_unit_66552.cif,17.604588365229446,2.6420103066306373
584,mof_unit_66553.cif,785.4941875001489,64.04066880985883
585,mof_unit_66554.cif,200.49154972786437,25.02924931272746
586,mof_unit_66555.cif,103.48311930539495,8.867858406289557
587,mof_unit_66556.cif,731.8223085117029,48.69048739206028
588,mof_unit_66557.cif,240.66093053445144,37.700066887244205
589,mof_unit_66558.cif,164.28673958943978,22.243508000602443
590,mof_unit_66559.cif,217.53144634287975,25.83168119149268
591,mof_unit_66560.cif,74.47362585807475,11.74433519743556
592,mof_unit_66561.cif,404.4293514421511,108.9686481806995
593,mof_unit_66562.cif,365.1355511383855,50.706538504055786
594,mof_unit_66563.cif,29.49919468107378,2.8501533863015758
595,mof_unit_66564.cif,38.134645767289456,6.110397711232147
596,mof_unit_66565.cif,182.02309179110694,29.80163485881409
597,mof_unit_66566.cif,40.23916637026314,2.8440649797389184
598,mof_unit_66567.cif,146.58688578909053,15.285626401156279
599,mof_unit_66568.cif,0.0,0.0
600,mof_unit_66569.cif,634.8327598104266,44.06317902392009
601,mof_unit_66570.cif,349.5450658213152,79.37421863614927
602,mof_unit_66571.cif,35.65658259509183,5.712888851180777
603,mof_unit_66572.cif,0.0,0.0
604,mof_unit_66573.cif,423.20700534700376,67.90436753045051
605,mof_unit_66574.cif,1019.1437970808763,109.96144172471635
606,mof_unit_66575.cif,246.9344676592336,22.46492588003112
607,mof_unit_66576.cif,0.0,0.0
608,mof_unit_66577.cif,322.44187220758533,51.09188154655613
609,mof_unit_66578.cif,5.907647710916532,0.922886824289152
610,mof_unit_66579.cif,112.81979786522885,8.045563807972023
611,mof_unit_66580.cif,101.76651848127808,11.644679166074713
612,mof_unit_66581.cif,392.5551180592218,62.702645649139015
613,mof_unit_66582.cif,26.22236644014562,2.9405747060571965
614,mof_unit_66583.cif,260.5353594528543,42.167331530036215
615,mof_unit_66584.cif,366.22065088446004,87.65424892863665
616,mof_unit_66585.cif,274.818808327669,30.669584652369913
617,mof_unit_66586.cif,106.0103967746851,11.307814039811914
618,mof_unit_66587.cif,461.63723411508903,32.75767562550491
619,mof_unit_66588.cif,781.1707088236687,85.11991356861516
620,mof_unit_66589.cif,255.36489742119593,28.88081049010201
621,mof_unit_66590.cif,197.74031556477027,21.51340658029715
622,mof_unit_66591.cif,166.0740035327578,18.955496709003114
623,mof_unit_66592.cif,84.72820962937745,35.51969477150266
624,mof_unit_66593.cif,74.78593807851733,17.251423026268654
625,mof_unit_66594.cif,247.1763230975084,27.87071462454554
626,mof_unit_66595.cif,261.19839866051495,17.9996482945925
627,mof_unit_66596.cif,271.4645157288755,18.776484047212588
628,mof_unit_66597.cif,360.3798457769667,58.13533384670076
629,mof_unit_66598.cif,61.90917288091125,6.731685357591373
630,mof_unit_66599.cif,81.5709660709565,12.926610760761006
631,mof_unit_66600.cif,124.05761090124125,22.206058645375325
632,mof_unit_66601.cif,290.17075353769656,19.473364696002495
633,mof_unit_66602.cif,115.68509020201303,19.92063167129774
634,mof_unit_66603.cif,857.7390874441289,92.92642887918657
635,mof_unit_66604.cif,93.93290691087141,16.27738321959743
636,mof_unit_66605.cif,231.41007997166363,49.642218749298344
637,mof_unit_66606.cif,30.335291196301995,4.992388138024861
638,mof_unit_66607.cif,134.64273836222446,15.43274090193858
639,mof_unit_66608.cif,169.35833143074973,18.837900612793945
640,mof_unit_66609.cif,325.7596857862924,56.54503608350871
641,mof_unit_66610.cif,35.54062235128818,5.451693696368669
642,mof_unit_66611.cif,7.74132860482772,0.8927463843706116
643,mof_unit_66612.cif,340.4106648660969,66.82319784349556
644,mof_unit_66613.cif,8.153731222521584,1.2878205101154496
645,mof_unit_66614.cif,0.0,0.0
646,mof_unit_66615.cif,99.68312113942956,41.913991927654415
647,mof_unit_66616.cif,76.31195147239333,13.819269180537319
648,mof_unit_66617.cif,96.52757493638742,22.586769409507948
649,mof_unit_66618.cif,70.12648888861419,12.815894752463196
650,mof_unit_66619.cif,31.095960623468535,5.615039235595745
651,mof_unit_66620.cif,162.47068718399143,31.277325751206863
652,mof_unit_66621.cif,170.98618527809913,56.58787012854409
653,mof_unit_66622.cif,145.8619914049664,30.336874282391484
654,mof_unit_66623.cif,64.53090448321238,11.246662938809788
655,mof_unit_66624.cif,20.405894528408627,3.9560505490329474
656,mof_unit_66625.cif,0.0,0.0
657,mof_unit_66626.cif,117.15586369451357,46.002140164585505
658,mof_unit_66627.cif,1419.6178315989973,154.39594286312385
659,mof_unit_66628.cif,121.2527467449662,21.984295190754747
660,mof_unit_66629.cif,128.07692523646384,21.877869027225415
661,mof_unit_66630.cif,0.0,0.0
662,mof_unit_66631.cif,98.86717019303471,17.97529466834187
663,mof_unit_66632.cif,280.55147894228134,19.70746518497371
664,mof_unit_66633.cif,75.87178077284807,23.77809275967573
665,mof_unit_66634.cif,152.95471457781923,17.21017548552334
666,mof_unit_66635.cif,166.1154522264237,11.154419495315084
667,mof_unit_66636.cif,24.02046045334667,3.59503757083833
668,mof_unit_66637.cif,96.95220482694033,15.911290286081952
669,mof_unit_66638.cif,494.87978316756534,81.21330697556077
670,mof_unit_66639.cif,74.16326360654575,16.32462963151476
671,mof_unit_66640.cif,168.06474399389532,32.36104326980388
672,mof_unit_66641.cif,98.91019999926331,17.39328949652313
673,mof_unit_66642.cif,603.4323999400671,77.06704869931625
674,mof_unit_66643.cif,0.0,0.0
675,mof_unit_66644.cif,1025.7285182773942,127.7007823644214
676,mof_unit_66645.cif,117.3222622753597,21.446687006316544
677,mof_unit_66646.cif,27.023042741154324,4.869902152850376
678,mof_unit_66647.cif,39.374029859459455,4.869423059970703
679,mof_unit_66648.cif,87.45154815625295,20.322620442473134
680,mof_unit_66649.cif,302.29429137457726,34.93465953356955
681,mof_unit_66650.cif,14.940127001914302,2.8139245398203783
682,mof_unit_66651.cif,5.500482784852262,1.1611703438786307
683,mof_unit_66652.cif,39.466950588764334,7.345034199314977
684,mof_unit_66653.cif,122.63738072495852,25.219669097443173
685,mof_unit_66654.cif,65.74195864971362,12.422022285908357
686,mof_unit_66655.cif,111.55288232622044,21.500343838043523
687,mof_unit_66656.cif,391.8641385805837,26.756176511220463
688,mof_unit_66657.cif,120.15892600163572,24.938738457581216
689,mof_unit_66658.cif,81.16015422124038,16.756790258535226
690,mof_unit_66659.cif,188.60203740959983,40.48701614174453
691,mof_unit_66660.cif,406.0725143801888,82.90412942048236
692,mof_unit_66661.cif,38.66671076718132,7.856821633733329
693,mof_unit_66662.cif,219.19358569617197,26.740591070066007
694,mof_unit_66663.cif,44.56960983664027,9.483582292059273
695,mof_unit_66664.cif,618.3461561176658,48.685688609281904
696,mof_unit_66665.cif,78.46647005756694,9.471945832870377
697,mof_unit_66666.cif,182.56583627398797,27.312987680753743
698,mof_unit_66667.cif,72.87490506188536,18.01261050588121
699,mof_unit_66668.cif,37.416089273799386,5.59584881687129
700,mof_unit_66669.cif,907.5621290339084,134.07544456648816
701,mof_unit_66670.cif,202.67160678983174,31.342350435950863
702,mof_unit_66671.cif,13.900235728706658,2.8802938262201163
703,mof_unit_66672.cif,163.25500421758977,24.338138198845883
704,mof_unit_66673.cif,16.436384418631445,3.212745014804622
705,mof_unit_66674.cif,61.47866451295618,10.29199576323692
706,mof_unit_66675.cif,107.06943588942295,16.045115849939567
707,mof_unit_66676.cif,3.748678060957959,0.4313029722260356
708,mof_unit_66677.cif,90.81248851961924,16.32919436564043
709,mof_unit_66678.cif,23.064788650121812,4.964350994387899
710,mof_unit_66679.cif,1043.9265570471998,120.1091472789665
711,mof_unit_66680.cif,162.7038383109331,54.8560027756033
712,mof_unit_66681.cif,199.05503035172643,66.61583859119168
713,mof_unit_66682.cif,71.47541843955673,10.819400054736269
714,mof_unit_66683.cif,207.6501745806233,31.95215241956856
715,mof_unit_66684.cif,97.19845634989757,14.626224952723703
716,mof_unit_66685.cif,152.72035810812102,53.91511462540908
717,mof_unit_66686.cif,178.55592195789038,20.38817605637559
718,mof_unit_66687.cif,158.9014017831237,33.426534838621116
719,mof_unit_66688.cif,77.27620090887746,9.54177715437437
720,mof_unit_66689.cif,46.785350131067084,5.672172239593928
721,mof_unit_66690.cif,63.68940206492506,9.833444187129974
722,mof_unit_66691.cif,111.44191640875378,24.430802615756168
723,mof_unit_66692.cif,123.00361004159036,25.843322363070552
724,mof_unit_66693.cif,227.7201154267229,26.18745399314111
725,mof_unit_66694.cif,239.8799373077812,38.816895221613734
726,mof_unit_66695.cif,65.68419905585245,9.571048943924193
727,mof_unit_66696.cif,570.0380689501117,92.32537466031278
728,mof_unit_66697.cif,271.1435170366576,44.32754090412703
729,mof_unit_66698.cif,134.7523172649809,25.954632132379892
730,mof_unit_66699.cif,232.054008660484,47.453928249273446
731,mof_unit_66700.cif,61.52774811837574,25.89354229243451
732,mof_unit_66701.cif,28.97984002504323,12.299159309615442
733,mof_unit_66702.cif,262.89683321411894,100.029987700776
734,mof_unit_66703.cif,8.858365441469536,3.513651471554433
735,mof_unit_66704.cif,511.11753733354584,123.23981347330712
736,mof_unit_66705.cif,38.742063794732765,6.32655185216974
737,mof_unit_66706.cif,75.65843924486737,16.71763501849721
738,mof_unit_66707.cif,267.9591113686959,57.0645518358549
739,mof_unit_66708.cif,558.823615359695,143.04450309692783
740,mof_unit_66709.cif,81.37199395572604,30.877777997523307
741,mof_unit_66710.cif,384.5894544067818,81.68231534281517
742,mof_unit_66711.cif,116.73707858238157,44.52484548914308
743,mof_unit_66712.cif,134.64166161070716,58.54035739637951
744,mof_unit_66713.cif,45.37479441880792,17.418626441274338
745,mof_unit_66714.cif,71.05209201373906,27.72031401784758
746,mof_unit_66715.cif,109.85655435404334,40.42487072666756
747,mof_unit_66716.cif,222.70769247758787,84.9855680711734
748,mof_unit_66717.cif,102.53742702793294,39.12403931057726
749,mof_unit_66718.cif,128.17627879218279,48.45215517778465
750,mof_unit_66719.cif,267.3739363998598,103.25735997097578
751,mof_unit_66720.cif,147.37914212599225,56.65651235722869
752,mof_unit_66721.cif,67.20733839577572,26.680709172495927
753,mof_unit_66722.cif,195.4857561446789,85.89138505177928
754,mof_unit_66723.cif,136.17154352578186,55.81592897727829
755,mof_unit_66724.cif,44.47010400731089,17.057522356892765
756,mof_unit_66725.cif,213.0744452677442,78.75227282612911
757,mof_unit_66726.cif,69.65544698483006,26.703757466998994
758,mof_unit_66727.cif,119.26488595295395,47.00057600900818
759,mof_unit_66728.cif,70.76948181455087,28.358836441504394
760,mof_unit_66729.cif,61.06336876049534,23.36762954231729
761,mof_unit_66730.cif,334.17695120638945,125.123817162887
762,mof_unit_66731.cif,26.96842103675197,11.38234832551833
763,mof_unit_66732.cif,293.1404109014654,117.10123096358332
764,mof_unit_66733.cif,33.57241874735969,7.430047267317445
765,mof_unit_66734.cif,158.24189818818132,34.579434939839174
766,mof_unit_66735.cif,73.13773453258861,12.076181629434249
767,mof_unit_66736.cif,137.6400080466507,20.824940687429894
768,mof_unit_66737.cif,47.34203149302478,7.46851135697167
769,mof_unit_66738.cif,297.7504619255443,45.899667695410706
770,mof_unit_66739.cif,31.69926307722441,5.120117441338189
771,mof_unit_66740.cif,116.00885828033002,18.51833780807079
772,mof_unit_66741.cif,31.32488064370805,4.939163275287743
773,mof_unit_66742.cif,129.66107796381206,19.748610623957777
774,mof_unit_66743.cif,12.998177497863578,2.0539167282492423
775,mof_unit_66744.cif,115.42060052908131,17.604423372400294
776,mof_unit_66745.cif,209.7612808709486,32.071806258965836
777,mof_unit_66746.cif,4.668250088486179,0.7298673716525952
778,mof_unit_66747.cif,31.145930602959737,4.925778519787123
779,mof_unit_66748.cif,59.539489728801634,9.32843159726909
780,mof_unit_66749.cif,82.998533294892,12.581230347610655
781,mof_unit_66750.cif,163.4055598445061,26.918698953172303
782,mof_unit_66751.cif,27.41141814942177,4.2244745085409665
783,mof_unit_66752.cif,13.9835766980085,2.1977514063011974
784,mof_unit_66753.cif,186.51510633553892,28.86996728305815
785,mof_unit_66754.cif,47.61973446347859,7.382065722719165
786,mof_unit_66755.cif,101.70202079745708,15.363757810451055
787,mof_unit_66756.cif,10.206216884896802,1.5562444696234687
788,mof_unit_66757.cif,207.2833705152806,31.69668595896027
789,mof_unit_66758.cif,0.0,0.0
790,mof_unit_66759.cif,88.01434802729561,13.528747258303948
791,mof_unit_66760.cif,161.40901599195496,25.589623048329916
792,mof_unit_66761.cif,23.195375855027613,3.562793834638211
793,mof_unit_66762.cif,93.59803643533525,15.520523283865186
794,mof_unit_66763.cif,44.56035782903452,6.979092062246877
795,mof_unit_66764.cif,143.60814603036454,22.15188659245315
796,mof_unit_66765.cif,100.63029217685323,15.501277887269294
797,mof_unit_66766.cif,136.52954577630567,21.04999653115143
798,mof_unit_66767.cif,72.14421714301139,11.216522498891246
799,mof_unit_66768.cif,246.1149380002688,37.33784596667429
800,mof_unit_66769.cif,80.07014604784958,12.64546335100595
801,mof_unit_66770.cif,54.318650313431064,8.483984058354768
802,mof_unit_66771.cif,200.48799884986477,30.44742378627866
803,mof_unit_66772.cif,229.66081877615858,39.28229389890918
804,mof_unit_66773.cif,197.5228844635524,33.11285780773446
805,mof_unit_66774.cif,47.017603297818,7.5561209513023275
806,mof_unit_66775.cif,215.9884612402545,33.72475837524475
807,mof_unit_66776.cif,96.78722143542407,14.67556680694098
808,mof_unit_66777.cif,0.0,0.0
809,mof_unit_66778.cif,41.44842112081324,8.450808839932858
810,mof_unit_66779.cif,55.9610203504269,10.214310460098952
811,mof_unit_66780.cif,187.49820218042748,32.96056596225904
812,mof_unit_66781.cif,15.815918513171502,2.9768035525383945
813,mof_unit_66782.cif,80.42218120056113,14.533862128708163
814,mof_unit_66783.cif,78.5258968407613,15.559692661070146
815,mof_unit_66784.cif,36.82846535530964,6.846353489447401
816,mof_unit_66785.cif,12.318866985585073,2.1805668944860614
817,mof_unit_66786.cif,25.022916958835975,4.6055057151242575
818,mof_unit_66787.cif,36.95747386921913,7.090725415599537
819,mof_unit_66788.cif,225.62083080647665,42.20879584067464
820,mof_unit_66789.cif,15.413019246364078,3.1291912165897475
821,mof_unit_66790.cif,148.62744547170593,27.899911015871677
822,mof_unit_66791.cif,2.3485863482075438,0.4313029722260356
823,mof_unit_66792.cif,208.53138515589555,37.40174281965565
824,mof_unit_66793.cif,78.8792541524392,14.502969277349086
825,mof_unit_66794.cif,5.663322468633338,1.0948010574788927
826,mof_unit_66795.cif,101.79959899832463,18.272066789159556
827,mof_unit_66796.cif,219.51407080191998,39.15920158635257
828,mof_unit_66797.cif,58.904834740052614,11.250239642045898
829,mof_unit_66798.cif,0.0,0.0
830,mof_unit_66799.cif,89.02860450729786,17.15344774697747
831,mof_unit_66800.cif,9.042090777216117,1.7664484340751618
832,mof_unit_66801.cif,80.99437518960933,14.891351810741776
833,mof_unit_66802.cif,7.095872427746035,1.2878205101154496
834,mof_unit_66803.cif,41.6021768525989,7.634472272082856
835,mof_unit_66804.cif,121.8330249452872,22.45458689860816
836,mof_unit_66805.cif,128.04509532391256,24.32663996973374
837,mof_unit_66806.cif,149.5127072709565,28.882357724483906
838,mof_unit_66807.cif,47.148659278800174,8.649434464659747
839,mof_unit_66808.cif,11.799253677715262,2.2469361808857995
840,mof_unit_66809.cif,147.64589010803635,26.994612398053647
841,mof_unit_66810.cif,60.54291955349282,11.296447757591222
842,mof_unit_66811.cif,0.0,0.0
843,mof_unit_66812.cif,24.113656612291237,4.585883327409936
844,mof_unit_66813.cif,4.5327307829987635,0.8263770979708736
845,mof_unit_66814.cif,92.00897543540705,17.809362027564564
846,mof_unit_66815.cif,83.0668519728331,14.845517544722231
847,mof_unit_66816.cif,33.83201567268246,6.1054528443953995
848,mof_unit_66817.cif,70.08454463626848,12.835923976426157
849,mof_unit_66818.cif,98.43548339028094,19.407936316602502
850,mof_unit_66819.cif,13.591615029957707,2.6480987131932943
851,mof_unit_66820.cif,63.25530541274252,11.873299146661749
852,mof_unit_66821.cif,97.09710251368604,18.984389936638173
853,mof_unit_66822.cif,98.13993320986076,18.05404182979675
854,mof_unit_66823.cif,7.732680927052721,1.566284999744342
855,mof_unit_66824.cif,13.813758315702435,2.6269510822456548
856,mof_unit_66825.cif,41.84976524679052,8.174354969602263
857,mof_unit_66826.cif,62.482431854839206,11.833942844693901
858,mof_unit_66827.cif,4.551917507172528,0.8927463843706116
859,mof_unit_66828.cif,88.60328328565606,16.49157072353387
860,mof_unit_66829.cif,136.63414164181717,26.50719429784919
861,mof_unit_66830.cif,56.43578170977056,10.786501296467875
862,mof_unit_66831.cif,210.95571794595034,40.158319156381076
863,mof_unit_66832.cif,171.9096122058508,31.717657660719308
864,mof_unit_66833.cif,220.9422198273695,43.84145955159667
865,mof_unit_66834.cif,71.50633595207452,13.84412074922354
866,mof_unit_66835.cif,2.510246186798272,0.461443412144576
867,mof_unit_66836.cif,0.0,0.0
