,MOFname,Phi_HEA,poreV_OSE,Phi_void,Phi_acc
0,mof_unit_8947,50.74074074074074,0.46376928935113915,66.33425951004028,55.58905601501465
1,mof_unit_8948,62.857142857142854,1.006823301005437,62.02869415283203,51.01586580276489
2,mof_unit_8949,49.28571428571429,0.5241885787266352,52.42393612861633,30.947580933570862
3,mof_unit_8950,59.44444444444444,0.5269429364956604,65.87941646575928,53.680235147476196
4,mof_unit_8951,49.166666666666664,0.5452240415425518,66.65584444999695,56.19317889213562
5,mof_unit_8952,46.875,0.5522475688057336,66.65584444999695,56.19317889213562
6,mof_unit_8953,37.96296296296296,0.24041141069143115,62.02869415283203,51.01586580276489
7,mof_unit_8954,43.20987654320987,0.35780539210247814,62.02869415283203,51.01586580276489
8,mof_unit_8955,43.888888888888886,0.42609099738919437,62.02869415283203,51.01586580276489
9,mof_unit_8956,46.93877551020408,0.5097326590040795,52.735310792922974,34.979695081710815
10,mof_unit_8957,32.5,0.1404019503411305,73.31259250640869,65.72869420051575
11,mof_unit_8958,40.625,0.36529858539153337,62.02869415283203,51.01586580276489
12,mof_unit_8959,55.55555555555556,0.659225823715117,44.117286801338196,25.128817558288574
13,mof_unit_8960,45.0,0.40284069469048117,44.27616596221924,24.33156669139862
14,mof_unit_8961,25.0,0.10582666449862445,62.02869415283203,51.01586580276489
15,mof_unit_8962,46.0,0.35780539210247814,62.02869415283203,51.01586580276489
16,mof_unit_8963,46.42857142857143,0.27926595075941124,52.42393612861633,30.947580933570862
17,mof_unit_8964,55.00000000000001,0.7021267285612074,52.42393612861633,30.947580933570862
18,mof_unit_8965,31.83673469387755,0.20357957601494514,55.542927980422974,39.36868607997894
19,mof_unit_8967,58.333333333333336,0.6012355340728882,65.87941646575928,53.680235147476196
20,mof_unit_8968,61.66666666666667,0.8919588396474188,66.65584444999695,56.19317889213562
21,mof_unit_8969,57.99999999999999,0.6446672090278371,53.15740704536438,31.79166615009308
22,mof_unit_8970,60.544217687074834,0.7593148013878877,60.67129373550415,44.34722363948822
23,mof_unit_8971,58.57142857142858,0.7477977042066736,49.018594622612,31.20867908000946
24,mof_unit_8972,68.57142857142857,1.1616692246320879,52.735310792922974,34.979695081710815
25,mof_unit_8973,56.36363636363636,0.8542648126011458,44.889822602272034,17.65887439250946
26,mof_unit_8974,47.14285714285714,0.4878049947329955,54.367899894714355,35.70312559604645
27,mof_unit_8975,54.22077922077923,0.538415860271542,48.0166882276535,28.53795289993286
28,mof_unit_8976,40.0,0.21850630359421144,62.02869415283203,51.01586580276489
29,mof_unit_8977,41.0,0.23547411048287614,62.02869415283203,51.01586580276489
30,mof_unit_8978,58.92857142857143,0.7883942697125466,62.02869415283203,51.01586580276489
31,mof_unit_8979,43.0,0.08143171349731446,52.735310792922974,34.979695081710815
32,mof_unit_8980,57.6530612244898,0.6692125126796562,64.56352472305298,55.61836361885071
33,mof_unit_8981,40.95238095238095,0.36893825461302265,54.367899894714355,35.70312559604645
34,mof_unit_8982,53.57142857142857,0.6443104018573889,59.14530158042908,44.03744339942932
35,mof_unit_8983,47.124304267161406,0.5258259096880683,59.50520634651184,44.98263895511627
36,mof_unit_8984,58.36734693877551,0.6153683233973398,39.20454680919647,16.477273404598236
37,mof_unit_8985,36.666666666666664,0.25905647779028745,55.542927980422974,39.36868607997894
38,mof_unit_8986,48.57142857142857,0.5224563458528407,41.69929921627045,19.475524127483368
39,mof_unit_8987,33.4375,0.3903421338544994,71.54709100723267,62.37460374832153
40,mof_unit_8988,40.833333333333336,0.368534346362627,48.0166882276535,28.53795289993286
41,mof_unit_8989,53.125,0.6472677351640945,64.10714387893677,52.264612913131714
42,mof_unit_8990,66.66666666666666,0.9550448695132199,48.0166882276535,28.53795289993286
43,mof_unit_8991,45.83333333333333,0.5632918014695036,44.117286801338196,25.128817558288574
44,mof_unit_8992,68.57142857142857,1.4246764051016163,64.56352472305298,55.61836361885071
45,mof_unit_8993,40.476190476190474,0.40364372493442374,66.701740026474,56.769078969955444
46,mof_unit_8994,49.28571428571429,0.39254356346792785,64.56352472305298,55.61836361885071
47,mof_unit_8995,36.875,0.23634270248898992,45.31745910644531,25.822511315345764
48,mof_unit_8996,51.33333333333333,0.3952367635546334,64.56352472305298,55.61836361885071
49,mof_unit_8997,37.714285714285715,0.3586434568885242,66.701740026474,56.769078969955444
50,mof_unit_8998,43.65079365079365,0.3629262113278355,64.56352472305298,55.61836361885071
51,mof_unit_8999,56.666666666666664,0.8032136861882824,65.03703594207764,54.97530698776245
52,mof_unit_9000,31.83673469387755,0.21736007687838915,71.54709100723267,62.37460374832153
53,mof_unit_9001,51.11111111111111,0.5146332630334123,52.65361666679382,36.22198402881622
54,mof_unit_9002,43.57142857142857,0.36941722886259326,66.701740026474,56.769078969955444
55,mof_unit_9003,61.66666666666667,0.8343279190162193,50.74970722198486,30.153483152389526
56,mof_unit_9004,43.333333333333336,0.4074891896491597,63.070130348205566,51.6739547252655
57,mof_unit_9005,57.333333333333336,0.7523998410758564,54.110801219940186,35.282549262046814
58,mof_unit_9006,50.476190476190474,0.5328980636094997,41.69929921627045,19.475524127483368
59,mof_unit_9007,25.0,0.04342987991185137,64.56352472305298,55.61836361885071
60,mof_unit_9008,61.33333333333333,0.7555515547526129,75.70139169692993,69.23611164093018
61,mof_unit_9009,44.0,0.4409163754279566,64.56352472305298,55.61836361885071
62,mof_unit_9010,50.83487940630798,0.6397207813424687,64.70779180526733,55.43830990791321
63,mof_unit_9011,55.00000000000001,0.5840406597139132,63.070130348205566,51.6739547252655
64,mof_unit_9012,72.22222222222221,1.31933923531345,63.070130348205566,51.6739547252655
65,mof_unit_9013,62.66666666666667,0.82211999970807,63.070130348205566,51.6739547252655
66,mof_unit_9014,43.0,0.14157544045074819,71.54709100723267,62.37460374832153
67,mof_unit_9015,54.166666666666664,0.7506988585365755,63.24269771575928,51.493507623672485
68,mof_unit_9016,47.22222222222222,0.4931211905750036,64.39839601516724,52.259355783462524
69,mof_unit_9017,55.00000000000001,0.6408229186377922,52.42424011230469,36.90909147262573
70,mof_unit_9018,40.57142857142857,0.32503002371808526,66.03086590766907,55.38889169692993
71,mof_unit_9019,30.0,0.28450214743862545,63.070130348205566,51.6739547252655
72,mof_unit_9020,55.833333333333336,0.6227956778631422,63.070130348205566,51.6739547252655
73,mof_unit_9021,40.816326530612244,0.354990329738378,50.90909004211426,32.913222908973694
74,mof_unit_9022,54.08163265306123,0.6212508523473478,49.213287234306335,29.871264100074768
75,mof_unit_9023,50.0,0.569782596044076,73.78948926925659,67.53519773483276
76,mof_unit_9024,22.400000000000002,0.18286619850945757,56.59722089767456,40.37247598171234
77,mof_unit_9025,53.333333333333336,0.6603026119173587,52.42424011230469,36.90909147262573
78,mof_unit_9026,55.61224489795919,0.6230592338190418,58.53114724159241,45.05050480365753
79,mof_unit_9027,45.0,0.3528641054758763,60.409849882125854,45.379841327667236
80,mof_unit_9028,38.4,0.4235851101054551,65.39772748947144,53.87073755264282
81,mof_unit_9029,45.625,0.43313651471381215,58.69794487953186,42.99546182155609
82,mof_unit_9030,68.0952380952381,1.0849483885082805,59.655171632766724,42.29166805744171
83,mof_unit_9031,49.5,0.5118649946864109,65.39772748947144,53.87073755264282
84,mof_unit_9032,59.333333333333336,0.7014524049193647,59.655171632766724,42.29166805744171
85,mof_unit_9033,60.66666666666667,0.7866211696533886,59.655171632766724,42.29166805744171
86,mof_unit_9034,59.27272727272728,0.8582893776272901,63.02399039268494,50.707072019577026
87,mof_unit_9035,34.12698412698413,0.17157319372442942,47.82986044883728,28.94965410232544
88,mof_unit_9036,54.166666666666664,0.5403798762914657,52.38636136054993,33.13131332397461
89,mof_unit_9037,56.42857142857143,0.7018181495697801,64.05740976333618,48.76512885093689
90,mof_unit_9038,31.2,0.246216887795802,72.3194420337677,64.72222208976746
91,mof_unit_9039,65.23809523809524,1.1996873728944368,65.39772748947144,53.87073755264282
92,mof_unit_9040,54.285714285714285,0.6802655810380794,53.44086289405823,36.88804507255554
93,mof_unit_9041,41.66666666666667,0.3089679402930736,58.53114724159241,45.05050480365753
94,mof_unit_9042,50.90909090909091,0.6536808911810669,62.27891445159912,49.82993304729462
95,mof_unit_9043,61.42857142857143,0.825650836332116,47.82986044883728,28.94965410232544
96,mof_unit_9044,51.78571428571429,0.42911084625939655,65.39772748947144,53.87073755264282
97,mof_unit_9045,45.0,0.42898470877277833,60.409849882125854,45.379841327667236
98,mof_unit_9046,36.0,0.3791587448043551,65.39772748947144,53.87073755264282
99,mof_unit_9047,51.66666666666667,0.5581174270751794,60.53165793418884,46.48268520832062
100,mof_unit_9048,55.00000000000001,0.667240297504508,63.02399039268494,50.707072019577026
101,mof_unit_9049,50.76530612244898,0.5999528252923635,51.84027552604675,33.56481492519379
102,mof_unit_9050,49.333333333333336,0.5432956633512811,46.44097089767456,21.19295597076416
103,mof_unit_9051,58.0952380952381,0.5818460179987881,64.70779180526733,55.43830990791321
104,mof_unit_9052,54.36507936507936,0.5213177037954456,40.23939371109009,19.861526787281036
105,mof_unit_9054,36.0,0.0037043103521122206,63.02399039268494,50.707072019577026
106,mof_unit_9055,57.14285714285714,0.585478781876642,49.213287234306335,29.871264100074768
107,mof_unit_9056,56.00000000000001,0.7265324278364315,65.22436141967773,55.456000566482544
108,mof_unit_9057,56.666666666666664,0.7684509751362102,64.70779180526733,55.43830990791321
109,mof_unit_9058,39.285714285714285,0.17677023652551938,58.53114724159241,45.05050480365753
110,mof_unit_9059,65.38461538461539,1.048252847573334,57.11526870727539,41.91919267177582
111,mof_unit_9060,43.65079365079365,0.43154838174267435,47.10743725299835,23.385167121887207
112,mof_unit_9061,50.5,0.6749566737340554,47.10743725299835,23.385167121887207
113,mof_unit_9062,69.52380952380952,1.0036413560055597,64.70779180526733,55.43830990791321
114,mof_unit_9063,41.0,0.394150103617248,40.23939371109009,19.861526787281036
115,mof_unit_9064,58.666666666666664,0.7942321010077108,64.70779180526733,55.43830990791321
116,mof_unit_9065,58.333333333333336,0.59620471310156,40.23939371109009,19.861526787281036
117,mof_unit_9066,40.0,0.31286986172581654,74.33755993843079,66.9606864452362
118,mof_unit_9067,33.035714285714285,0.21559784410549424,51.84027552604675,33.56481492519379
119,mof_unit_9068,59.285714285714285,0.6088585983687074,50.71776509284973,33.45433473587036
120,mof_unit_9069,37.5,0.32031398325689925,58.29545259475708,41.51515066623688
121,mof_unit_9070,40.95238095238095,0.32288698247187925,60.09487509727478,48.153066635131836
122,mof_unit_9071,41.07142857142857,0.31076483090068596,58.69794487953186,42.99546182155609
123,mof_unit_9072,46.36363636363636,0.4602462069494693,33.92474353313446,15.45010656118393
124,mof_unit_9073,53.18181818181819,0.5857606065339994,60.09487509727478,48.153066635131836
125,mof_unit_9074,51.272727272727266,0.577085992784833,65.38097858428955,52.97991633415222
126,mof_unit_9075,51.92307692307693,0.7179023267497945,69.32746767997742,61.504292488098145
127,mof_unit_9076,67.06349206349206,1.094011802851808,67.16200709342957,58.318763971328735
128,mof_unit_9077,53.57142857142857,0.7762191436287523,65.38097858428955,52.97991633415222
129,mof_unit_9078,60.51587301587301,0.7865457189960676,67.59081482887268,58.63248109817505
130,mof_unit_9079,48.214285714285715,0.46910999448768265,43.621399998664856,21.934156119823456
131,mof_unit_9080,23.214285714285715,0.2029230930283274,56.682902574539185,42.46031641960144
132,mof_unit_9081,37.714285714285715,0.33704801281106617,65.38097858428955,52.97991633415222
133,mof_unit_9082,59.199999999999996,0.6329966266191978,66.99446439743042,58.617424964904785
134,mof_unit_9083,67.46031746031747,1.2582471493847123,51.59820318222046,33.06392729282379
135,mof_unit_9084,44.047619047619044,0.47427369189207635,67.59081482887268,58.63248109817505
136,mof_unit_9085,53.57142857142857,0.4471258754838537,59.85690355300903,44.94107663631439
137,mof_unit_9086,46.0,0.46304923126513603,60.09487509727478,48.153066635131836
138,mof_unit_9087,48.0,0.4920390552341509,51.59820318222046,33.06392729282379
139,mof_unit_9088,56.00000000000001,0.5250404209670416,51.84027552604675,33.56481492519379
140,mof_unit_9089,39.351851851851855,0.24639615811625237,69.33308839797974,58.10404419898987
141,mof_unit_9090,38.57142857142858,0.28257861380928273,65.38097858428955,52.97991633415222
142,mof_unit_9091,48.75,0.4364413060055891,66.99446439743042,58.617424964904785
143,mof_unit_9092,55.55555555555556,0.5159618193452989,65.38097858428955,52.97991633415222
144,mof_unit_9093,60.71428571428571,0.7746099916582799,59.85690355300903,44.94107663631439
145,mof_unit_9094,60.0,0.807506003185875,65.38097858428955,52.97991633415222
146,mof_unit_9095,42.129629629629626,0.42100123634481135,54.15509343147278,37.51157522201538
147,mof_unit_9096,38.392857142857146,0.33355874483370873,65.38097858428955,52.97991633415222
148,mof_unit_9097,66.84027777777779,0.9543965937218148,39.29391801357269,21.177469193935394
149,mof_unit_9098,58.333333333333336,0.8460545583943232,65.38097858428955,52.97991633415222
150,mof_unit_9099,18.125,0.06772035786004586,49.87846314907074,31.909334659576416
151,mof_unit_9100,40.17857142857143,0.3137843287765011,67.16200709342957,58.318763971328735
152,mof_unit_9101,55.00000000000001,0.5368509738337741,65.38097858428955,52.97991633415222
153,mof_unit_9102,55.00000000000001,0.4355773863228198,65.38097858428955,52.97991633415222
154,mof_unit_9103,43.42857142857143,0.2156468214227612,69.33308839797974,58.10404419898987
155,mof_unit_9104,44.0,0.2787524180024289,69.33308839797974,58.10404419898987
156,mof_unit_9106,60.0,0.8393141310244012,63.22751045227051,51.99023485183716
157,mof_unit_9107,41.07142857142857,0.26709509336933007,69.32746767997742,61.504292488098145
158,mof_unit_9108,36.0,0.10203832986808502,69.32746767997742,61.504292488098145
159,mof_unit_9109,60.72727272727273,0.9320833049500609,66.41811728477478,55.55433630943298
160,mof_unit_9110,46.285714285714285,0.19981929899137282,71.62756323814392,63.50439786911011
161,mof_unit_9111,51.0,0.44757610034165807,37.91322410106659,10.113636404275894
162,mof_unit_9112,45.9375,0.34026290429851913,64.15688991546631,53.797656297683716
163,mof_unit_9113,60.0,0.7262267063305202,39.29391801357269,21.177469193935394
164,mof_unit_9114,52.31481481481482,0.692344743249298,49.6261328458786,26.15112066268921
165,mof_unit_9115,40.816326530612244,0.2381744870815799,55.150800943374634,37.07776069641113
166,mof_unit_9116,37.142857142857146,0.3447320240329759,50.0,33.47107470035553
167,mof_unit_9117,55.35714285714286,0.8366562496301556,58.97727012634277,44.44444477558136
168,mof_unit_9118,57.14285714285714,0.5899649757638746,60.94949245452881,48.03535342216492
169,mof_unit_9119,35.714285714285715,0.14001410651718468,49.6261328458786,26.15112066268921
170,mof_unit_9120,51.85185185185185,0.38411336626182285,66.41811728477478,55.55433630943298
171,mof_unit_9121,54.285714285714285,0.4930872411777812,52.75691747665405,33.68577063083649
172,mof_unit_9122,52.800000000000004,0.452947166800976,39.29391801357269,21.177469193935394
173,mof_unit_9123,59.7667638483965,0.6491575878822996,67.77864694595337,56.27452731132507
174,mof_unit_9124,55.714285714285715,0.6291137093869698,60.94949245452881,48.03535342216492
175,mof_unit_9125,63.888888888888886,0.8581756862246891,49.6261328458786,26.15112066268921
176,mof_unit_9126,38.0,0.3184256770669093,50.42146444320679,32.699424028396606
177,mof_unit_9127,27.0,-0.047275072123952704,72.03328013420105,65.04058241844177
178,mof_unit_9128,56.481481481481474,0.5975275185052251,67.77864694595337,56.27452731132507
179,mof_unit_9129,27.857142857142858,0.20390007991137024,55.150800943374634,37.07776069641113
180,mof_unit_9130,32.407407407407405,0.11873759681864134,58.99633765220642,43.38461458683014
181,mof_unit_9131,28.645833333333332,0.12851627662170167,58.97727012634277,44.44444477558136
182,mof_unit_9132,50.71428571428571,0.4895674016558981,69.54506635665894,59.16241407394409
183,mof_unit_9133,67.77777777777779,1.0281733635782608,72.03328013420105,65.04058241844177
184,mof_unit_9134,51.0,0.42749551536749636,64.15688991546631,53.797656297683716
185,mof_unit_9135,60.0,0.6788361612050007,58.99633765220642,43.38461458683014
186,mof_unit_9136,55.55555555555556,0.6027981809954555,67.77864694595337,56.27452731132507
187,mof_unit_9137,52.75,0.6642198783749289,63.550060987472534,50.78368782997131
188,mof_unit_9138,40.17857142857143,0.24102590786135186,58.97727012634277,44.44444477558136
189,mof_unit_9139,43.0,0.3362899614816904,58.97727012634277,44.44444477558136
190,mof_unit_9140,62.301587301587304,0.9063453330733992,60.96909046173096,48.44611585140228
191,mof_unit_9141,63.49206349206349,0.9830778352357894,45.5217182636261,23.055680096149445
192,mof_unit_9142,48.0,0.462721458726702,51.95993185043335,33.00149440765381
193,mof_unit_9143,57.99999999999999,0.4260486335948719,45.34199237823486,18.502163887023926
194,mof_unit_9144,59.09090909090909,0.8471387386102931,55.150800943374634,37.07776069641113
195,mof_unit_9145,63.18181818181819,1.0246518650451297,55.150800943374634,37.07776069641113
196,mof_unit_9146,66.875,0.9152355074577532,55.150800943374634,37.07776069641113
197,mof_unit_9147,60.71428571428571,0.7001302333088222,64.80823755264282,54.3181836605072
198,mof_unit_9148,59.696969696969695,0.845718802769493,55.02777695655823,35.93055605888367
199,mof_unit_9149,41.66666666666667,0.3792617518009201,55.150800943374634,37.07776069641113
200,mof_unit_9150,52.38095238095239,0.5798412714457839,55.150800943374634,37.07776069641113
201,mof_unit_9151,31.0,0.1936621498620449,55.150800943374634,37.07776069641113
202,mof_unit_9152,46.25,0.48804524600364285,55.150800943374634,37.07776069641113
203,mof_unit_9153,51.0,0.6812704382865683,55.150800943374634,37.07776069641113
204,mof_unit_9154,69.6,1.088795296577115,55.150800943374634,37.07776069641113
205,mof_unit_9155,37.0,0.22532193987020965,55.150800943374634,37.07776069641113
206,mof_unit_9157,41.14285714285714,0.2115209348375016,55.150800943374634,37.07776069641113
207,mof_unit_9158,36.0,0.30023175145926123,55.150800943374634,37.07776069641113
208,mof_unit_9159,37.0,0.2518740258778793,55.150800943374634,37.07776069641113
209,mof_unit_9160,43.82716049382716,0.35693636587612787,45.5217182636261,23.055680096149445
210,mof_unit_9161,57.85714285714286,0.6159815453224616,55.150800943374634,37.07776069641113
211,mof_unit_9162,36.0,0.3747091642161264,55.150800943374634,37.07776069641113
212,mof_unit_9163,39.795918367346935,0.10766091029904551,63.550060987472534,50.78368782997131
213,mof_unit_9164,33.33333333333333,0.16192274539681856,63.550060987472534,50.78368782997131
214,mof_unit_9165,31.0,0.23361635094646185,50.83860158920288,29.56976294517517
215,mof_unit_9166,65.3061224489796,1.0797351302360407,62.874460220336914,47.37662374973297
216,mof_unit_9167,52.604166666666664,0.4761137338129862,63.550060987472534,50.78368782997131
217,mof_unit_9168,33.035714285714285,0.2287859475455252,63.13346028327942,52.427464723587036
218,mof_unit_9169,50.66666666666667,0.2287859475455252,50.080883502960205,28.11722159385681
219,mof_unit_9170,43.75,0.46062392746047,63.03803324699402,49.417904019355774
220,mof_unit_9171,68.93004115226337,1.2339612587455782,55.611711740493774,35.8537495136261
221,mof_unit_9172,65.3061224489796,1.2991509734453135,63.97435665130615,52.72727012634277
222,mof_unit_9173,50.09276437847866,0.5272118681601426,35.69793999195099,13.068351149559021
223,mof_unit_9174,64.375,0.7980798548695845,63.550060987472534,50.78368782997131
224,mof_unit_9175,54.19501133786848,0.590792108589126,49.963414669036865,28.975608944892883
225,mof_unit_9176,46.42857142857143,0.4539829856522704,54.44226861000061,39.636677503585815
226,mof_unit_9177,56.666666666666664,0.7051344489247178,63.550060987472534,50.78368782997131
227,mof_unit_9178,65.625,1.265898073196694,45.239898562431335,21.23737335205078
228,mof_unit_9179,48.0,0.2862132975288382,63.550060987472534,50.78368782997131
229,mof_unit_9180,51.388888888888886,0.6069869483976807,39.37954902648926,18.29429119825363
230,mof_unit_9181,41.66666666666667,0.33884464732498265,48.18121790885925,30.439814925193787
231,mof_unit_9182,19.375,0.046205228689016074,63.13346028327942,52.427464723587036
232,mof_unit_9183,54.03846153846153,0.647936419545015,65.94405770301819,54.489511251449585
233,mof_unit_9184,41.714285714285715,0.31355945749338987,63.550060987472534,50.78368782997131
234,mof_unit_9185,33.45454545454545,0.24682067645497352,63.97435665130615,52.72727012634277
235,mof_unit_9186,67.77777777777779,0.8696112939486358,58.03535580635071,42.8636372089386
236,mof_unit_9187,34.0,0.2844892046758913,55.611711740493774,35.8537495136261
237,mof_unit_9188,43.82716049382716,0.318858981042794,54.44226861000061,39.636677503585815
238,mof_unit_9189,62.94642857142857,0.9204002214333457,71.61564826965332,64.07483220100403
239,mof_unit_9190,59.0,0.6453342388810775,70.12219429016113,61.52844429016113
240,mof_unit_9191,54.0,0.6419672377542387,35.69793999195099,13.068351149559021
241,mof_unit_9192,48.10606060606061,0.4089702239873347,53.822314739227295,37.37603425979614
242,mof_unit_9193,62.28571428571429,0.9280294470789779,60.22985577583313,49.87889230251312
243,mof_unit_9194,55.32407407407407,0.5967431001240201,56.34920597076416,40.06316959857941
244,mof_unit_9195,41.14285714285714,0.2839041097403932,35.69793999195099,13.068351149559021
245,mof_unit_9196,42.09183673469388,0.3633960959548439,55.99173307418823,40.87809920310974
246,mof_unit_9197,57.72727272727273,0.860024774809333,57.71852135658264,43.679630756378174
247,mof_unit_9198,62.727272727272734,0.9203122937074566,60.22985577583313,49.87889230251312
248,mof_unit_9199,67.34006734006735,0.9923497147423648,61.989378929138184,48.05963933467865
249,mof_unit_9200,56.666666666666664,0.617355967734025,54.83471155166626,38.73966932296753
250,mof_unit_9201,63.8095238095238,0.9315002662371724,54.243403673172,33.82901847362518
251,mof_unit_9202,53.125,0.6943836789447708,68.81712079048157,59.0067982673645
252,mof_unit_9203,27.636363636363637,0.1771002026839855,70.21825313568115,60.370367765426636
253,mof_unit_9204,50.0,0.4862244347912378,60.22985577583313,49.87889230251312
254,mof_unit_9205,47.61904761904761,0.29385636601779763,47.34356701374054,24.940967559814453
255,mof_unit_9206,39.0625,0.40642187182048745,65.94405770301819,54.489511251449585
256,mof_unit_9207,27.0,0.09740448628720232,70.30608654022217,61.6452157497406
257,mof_unit_9208,47.53086419753087,0.40317375869123473,69.7826087474823,58.69565010070801
258,mof_unit_9209,61.458333333333336,0.8373448954097659,61.704546213150024,48.91528785228729
259,mof_unit_9210,49.47916666666667,0.3981423029975004,65.49933552742004,53.2882034778595
260,mof_unit_9211,43.333333333333336,0.362207082117235,56.34920597076416,40.06316959857941
261,mof_unit_9212,48.80952380952381,0.3953480117573803,70.21825313568115,60.370367765426636
262,mof_unit_9213,61.73469387755102,0.5415542096689065,46.043771505355835,26.133888959884644
263,mof_unit_9214,41.2037037037037,0.3027812314481967,46.043771505355835,26.133888959884644
264,mof_unit_9215,56.00000000000001,0.7052278601399351,69.94897723197937,60.93112230300903
265,mof_unit_9216,46.42857142857143,0.4543427233175846,56.34920597076416,40.06316959857941
266,mof_unit_9217,59.696969696969695,0.7999073292107121,46.043771505355835,26.133888959884644
267,mof_unit_9218,40.57142857142857,0.32220092614400686,71.61564826965332,64.07483220100403
268,mof_unit_9219,43.0,0.39489403801559175,69.7826087474823,58.69565010070801
269,mof_unit_9220,54.46428571428571,0.5896765708971334,69.7826087474823,58.69565010070801
270,mof_unit_9221,36.0,0.258560630878879,57.647907733917236,43.362194299697876
271,mof_unit_9222,44.79166666666667,0.4833595199880006,57.647907733917236,43.362194299697876
272,mof_unit_9223,62.44897959183674,0.9191624527774271,72.75985479354858,65.57761430740356
273,mof_unit_9224,44.44444444444444,0.44833701160560135,76.10302567481995,69.75051760673523
274,mof_unit_9225,64.66666666666666,0.7404243626608683,52.991777658462524,34.756484627723694
275,mof_unit_9226,68.88888888888889,1.0437420924048524,46.043771505355835,26.133888959884644
276,mof_unit_9227,46.0,0.34546208136409473,55.68813681602478,38.440677523612976
277,mof_unit_9228,65.0,0.97956367089281,66.28426909446716,53.77345085144043
278,mof_unit_9229,48.888888888888886,0.47709917106898103,46.78240716457367,23.927469551563263
279,mof_unit_9230,57.99999999999999,0.6628663369850515,55.68813681602478,38.440677523612976
280,mof_unit_9231,56.00000000000001,0.6161918104631141,66.05364084243774,55.136656761169434
281,mof_unit_9232,61.33333333333333,0.6970380027790365,46.043771505355835,26.133888959884644
282,mof_unit_9233,49.0625,0.5209722164884845,52.05722451210022,28.947368264198303
283,mof_unit_9234,60.0,0.789217092526357,66.28426909446716,53.77345085144043
284,mof_unit_9235,41.0,0.25719069216540336,46.043771505355835,26.133888959884644
285,mof_unit_9236,39.166666666666664,0.4915256601921806,66.4618968963623,55.33297657966614
286,mof_unit_9237,37.5,0.22970602792471134,46.043771505355835,26.133888959884644
287,mof_unit_9238,67.2,0.9202109176556189,52.05722451210022,28.947368264198303
288,mof_unit_9239,51.11111111111111,0.5204220902020436,50.79209804534912,32.76909589767456
289,mof_unit_9240,47.5,0.2697588979185123,46.78240716457367,23.927469551563263
290,mof_unit_9241,34.166666666666664,0.14565229016032785,41.49521589279175,14.629186689853668
291,mof_unit_9242,32.57142857142858,0.22913634920594225,57.24138021469116,38.630905747413635
292,mof_unit_9243,61.111111111111114,0.8453340685394026,52.991777658462524,34.756484627723694
293,mof_unit_9244,45.0,0.44695594608216593,70.21825313568115,60.370367765426636
294,mof_unit_9245,51.0,0.5855605278638384,56.002068519592285,41.260331869125366
295,mof_unit_9246,54.6875,0.7282561847582081,49.74026083946228,30.29581606388092
296,mof_unit_9247,54.46428571428571,0.4749075048867946,49.74026083946228,30.29581606388092
297,mof_unit_9248,38.75,0.23143944802816493,50.79209804534912,32.76909589767456
298,mof_unit_9249,66.66666666666666,1.0680314443903836,52.05722451210022,28.947368264198303
299,mof_unit_9250,60.62499999999999,0.9440927149024996,61.95154786109924,49.92503225803375
300,mof_unit_9251,29.910714285714285,0.10399035067856856,63.07074427604675,49.23819303512573
301,mof_unit_9252,47.5,0.6650063209523915,52.991777658462524,34.756484627723694
302,mof_unit_9253,71.71717171717171,1.3461375343456712,56.105369329452515,42.23140478134155
303,mof_unit_9254,55.96707818930041,0.7765394663945824,55.023568868637085,39.94612693786621
304,mof_unit_9255,66.11111111111111,1.1465987046122592,58.912116289138794,42.7100270986557
305,mof_unit_9256,62.0,0.9708853257733441,66.31312966346741,56.38046860694885
306,mof_unit_9257,65.55555555555556,0.9914668753198503,62.481480836868286,50.29629468917847
307,mof_unit_9258,42.26190476190476,0.39356886638267224,63.07074427604675,49.23819303512573
308,mof_unit_9259,46.42857142857143,0.4710691839947254,56.105369329452515,42.23140478134155
309,mof_unit_9260,40.476190476190474,0.23184210479228196,68.12201142311096,58.61670970916748
310,mof_unit_9261,34.166666666666664,0.1674552586464763,40.65639078617096,19.33133900165558
311,mof_unit_9262,48.0,0.33950056293246145,58.912116289138794,42.7100270986557
312,mof_unit_9263,44.79166666666667,0.38161334061300317,58.538901805877686,44.28631663322449
313,mof_unit_9264,58.673469387755105,0.6062661147275228,57.21291899681091,41.088515520095825
314,mof_unit_9265,38.392857142857146,0.2989467590015982,55.023568868637085,39.94612693786621
315,mof_unit_9266,51.587301587301596,0.4833321953298835,62.824440002441406,48.874685168266296
316,mof_unit_9267,45.0,0.666104480691054,57.70779252052307,41.14935100078583
317,mof_unit_9268,49.2063492063492,0.34865519113032195,62.824440002441406,48.874685168266296
318,mof_unit_9269,38.0,0.2637099628925936,57.70779252052307,41.14935100078583
319,mof_unit_9270,55.2,0.513010481834273,58.74633193016052,44.57477927207947
320,mof_unit_9271,48.888888888888886,0.5199076690037936,45.04132270812988,25.144627690315247
321,mof_unit_9272,47.325102880658434,0.4761735930933929,58.74633193016052,44.57477927207947
322,mof_unit_9273,64.28571428571429,0.6316014942716461,62.824440002441406,48.874685168266296
323,mof_unit_9274,68.75,1.3017482451149913,58.538901805877686,44.28631663322449
324,mof_unit_9275,37.5,0.23499155694150758,45.04132270812988,25.144627690315247
325,mof_unit_9276,57.49999999999999,0.7800700764465511,59.80639457702637,46.23737335205078
326,mof_unit_9277,46.0,0.3614627793796685,69.0616250038147,59.383755922317505
327,mof_unit_9278,26.666666666666668,0.05607550140069481,45.77479362487793,21.384297311306
328,mof_unit_9279,56.666666666666664,0.6024632624418748,58.74633193016052,44.57477927207947
329,mof_unit_9280,48.0,0.46473083124703746,53.130167722702026,36.73553764820099
330,mof_unit_9281,56.99999999999999,0.5932810822540473,57.60653614997864,40.05681872367859
331,mof_unit_9282,54.285714285714285,0.48157081462189727,61.48809790611267,49.0327388048172
332,mof_unit_9283,54.18181818181819,0.6158904005415846,61.291104555130005,49.73404109477997
333,mof_unit_9284,60.0,0.7383425489397172,67.81467199325562,55.44895529747009
334,mof_unit_9285,57.434402332361515,0.7381144355818411,60.88842749595642,49.204546213150024
335,mof_unit_9286,54.166666666666664,0.6545657815423072,74.43316578865051,66.2518560886383
336,mof_unit_9287,50.0,0.5261381562892928,57.21291899681091,41.088515520095825
337,mof_unit_9288,54.285714285714285,0.8366766290687766,55.01863360404968,35.67080795764923
338,mof_unit_9289,52.976190476190474,0.5393505004387703,67.81467199325562,55.44895529747009
339,mof_unit_9290,69.04761904761905,1.321190002852264,64.99796509742737,54.015737771987915
340,mof_unit_9291,30.0,0.14129140972694967,67.81467199325562,55.44895529747009
341,mof_unit_9292,44.0,0.4170822273248955,61.48809790611267,49.0327388048172
342,mof_unit_9293,36.0,0.04892171118215211,67.81467199325562,55.44895529747009
343,mof_unit_9294,62.139917695473244,0.9687692059593553,81.05981349945068,75.50849318504333
344,mof_unit_9295,50.0,0.49599588301525255,61.48809790611267,49.0327388048172
345,mof_unit_9296,31.333333333333336,0.27038953616446415,61.291104555130005,49.73404109477997
346,mof_unit_9297,50.71428571428571,0.5076725322528799,64.99796509742737,54.015737771987915
347,mof_unit_9298,50.0,0.4976880152334895,67.81467199325562,55.44895529747009
348,mof_unit_9299,47.85714285714286,0.3313065856914145,60.88842749595642,49.204546213150024
349,mof_unit_9300,67.14285714285714,0.7442802094140132,51.12762451171875,31.494754552841187
350,mof_unit_9301,68.12169312169311,1.2658121096508692,48.033612966537476,25.59663951396942
351,mof_unit_9302,55.925925925925924,0.6291964584710531,60.88842749595642,49.204546213150024
352,mof_unit_9303,67.27272727272727,1.0711964398856129,64.70370292663574,52.06349492073059
353,mof_unit_9304,45.0,0.4225799073138895,55.16550540924072,41.59111678600311
354,mof_unit_9305,31.428571428571427,0.06263618025493294,81.05981349945068,75.50849318504333
355,mof_unit_9306,55.833333333333336,0.7308998521923418,64.99796509742737,54.015737771987915
356,mof_unit_9308,49.28571428571429,0.46448879704611923,60.88842749595642,49.204546213150024
357,mof_unit_9309,40.0,0.29696775236401024,81.05981349945068,75.50849318504333
358,mof_unit_9310,63.8095238095238,1.0329787843613027,81.05981349945068,75.50849318504333
359,mof_unit_9311,33.0,0.27756560060713814,81.05981349945068,75.50849318504333
360,mof_unit_9312,35.0,0.08861324314593862,81.05981349945068,75.50849318504333
361,mof_unit_9313,55.333333333333336,0.6977737632072394,81.05981349945068,75.50849318504333
362,mof_unit_9314,42.285714285714285,0.25498655503742,81.05981349945068,75.50849318504333
363,mof_unit_9315,22.448979591836736,0.12342850490736637,81.05981349945068,75.50849318504333
364,mof_unit_9316,60.476190476190474,0.681678686545427,81.05981349945068,75.50849318504333
365,mof_unit_9317,42.70833333333333,0.38637506407800654,81.05981349945068,75.50849318504333
366,mof_unit_9318,43.18181818181818,0.36377270866500805,81.05981349945068,75.50849318504333
367,mof_unit_9319,51.5,0.508743935929546,81.05981349945068,75.50849318504333
368,mof_unit_9320,35.0,0.1656298856280395,81.05981349945068,75.50849318504333
369,mof_unit_9322,57.99999999999999,0.7505545733058496,81.05981349945068,75.50849318504333
370,mof_unit_9323,56.00000000000001,0.4757627623405739,81.05981349945068,75.50849318504333
371,mof_unit_9324,55.00000000000001,0.681500360235544,81.05981349945068,75.50849318504333
372,mof_unit_9325,31.944444444444443,0.14269485875559723,81.05981349945068,75.50849318504333
373,mof_unit_9326,67.85714285714286,0.990524899274172,81.05981349945068,75.50849318504333
374,mof_unit_9327,47.14285714285714,0.5267281276546357,81.05981349945068,75.50849318504333
375,mof_unit_9328,60.45454545454545,0.9358590032591709,81.05981349945068,75.50849318504333
376,mof_unit_9329,39.285714285714285,0.2512855135771363,66.21347665786743,56.4326286315918
377,mof_unit_9330,64.73214285714286,0.6794077414250064,60.05662679672241,47.153401374816895
378,mof_unit_9331,48.41269841269841,0.38100561603013794,70.55807709693909,59.87212657928467
379,mof_unit_9332,38.88888888888889,0.17126368734141187,40.72729051113129,17.455974221229553
380,mof_unit_9333,40.625,0.30925714919796854,60.208332538604736,47.03598618507385
381,mof_unit_9334,64.0909090909091,1.1515895564012797,49.13494884967804,30.651673674583435
382,mof_unit_9335,52.5,0.6305046483438773,50.74242353439331,29.065656661987305
383,mof_unit_9336,40.0,0.3112802887964764,52.337074279785156,35.44337749481201
384,mof_unit_9337,67.4074074074074,1.03162946442065,44.098010659217834,25.276988744735718
385,mof_unit_9338,49.76190476190476,0.501014351078415,50.25010704994202,33.02522897720337
386,mof_unit_9339,45.83333333333333,0.37964911345620356,70.55807709693909,59.87212657928467
387,mof_unit_9340,58.79629629629629,0.8748581485045632,60.05662679672241,47.153401374816895
388,mof_unit_9341,59.0,0.6442039168068335,49.13494884967804,30.651673674583435
389,mof_unit_9342,45.0,0.29186503644501355,70.9768533706665,62.94907331466675
390,mof_unit_9343,39.58333333333333,0.3609499811522707,60.208332538604736,47.03598618507385
391,mof_unit_9344,45.476190476190474,0.37077635853864305,50.120967626571655,27.701613306999207
392,mof_unit_9345,51.2,0.5607366813869632,64.29545283317566,52.04545259475708
393,mof_unit_9346,57.99999999999999,0.5836568343890212,33.22497308254242,13.302373886108398
394,mof_unit_9347,60.952380952380956,0.8872311905604583,71.36752009391785,62.390315532684326
395,mof_unit_9348,65.5982905982906,1.000066034659169,44.82192099094391,24.473391473293304
396,mof_unit_9349,63.33333333333333,0.7793729167025155,60.05662679672241,47.153401374816895
397,mof_unit_9350,30.28571428571429,0.20929216701104125,67.3828125,58.74565839767456
398,mof_unit_9351,40.625,0.33999894862217306,70.38425803184509,61.504632234573364
399,mof_unit_9352,56.42857142857143,0.570206090618152,50.74242353439331,29.065656661987305
400,mof_unit_9353,58.18181818181818,0.8749344086196464,41.26984179019928,21.801242232322693
401,mof_unit_9354,70.37037037037037,1.2398113279235161,71.23557925224304,64.07211422920227
402,mof_unit_9355,60.55555555555555,0.7726830913159337,70.38425803184509,61.504632234573364
403,mof_unit_9356,66.66666666666666,0.9768322093477058,33.22497308254242,13.302373886108398
404,mof_unit_9357,58.333333333333336,0.7853412894322553,71.36752009391785,62.390315532684326
405,mof_unit_9359,18.0,-0.06216403241930524,41.26984179019928,21.801242232322693
406,mof_unit_9360,29.28571428571429,0.22056721222629164,58.84848237037659,45.64983248710632
407,mof_unit_9361,45.0,0.2970009964726233,50.74242353439331,29.065656661987305
408,mof_unit_9362,50.0,0.7217253033166982,70.38425803184509,61.504632234573364
409,mof_unit_9363,50.95238095238095,0.610517694467811,44.82192099094391,24.473391473293304
410,mof_unit_9364,41.9753086419753,0.2994711781945132,44.82192099094391,24.473391473293304
411,mof_unit_9365,48.148148148148145,0.38796791222105637,44.82192099094391,24.473391473293304
412,mof_unit_9366,65.27777777777779,1.04334059403907,61.24987602233887,45.54218351840973
413,mof_unit_9367,51.24999999999999,0.6063938141265305,44.82192099094391,24.473391473293304
414,mof_unit_9368,22.395833333333336,0.07189250619072637,72.61683344841003,64.67638611793518
415,mof_unit_9369,44.0,0.39067046167514174,63.929617404937744,52.536654472351074
416,mof_unit_9370,41.11111111111111,0.3143462596069031,48.341670632362366,30.415397882461548
417,mof_unit_9371,38.666666666666664,0.30280534102065954,58.34154486656189,42.88451075553894
418,mof_unit_9372,57.58928571428571,0.708506108845973,48.5955685377121,29.253530502319336
419,mof_unit_9373,43.0,0.23410038368049618,59.04040336608887,42.483165860176086
420,mof_unit_9374,68.0952380952381,0.9569076781899116,50.25010704994202,33.02522897720337
421,mof_unit_9375,58.01749271137027,0.9281247933039735,61.97354793548584,46.80423140525818
422,mof_unit_9376,64.16666666666667,1.0127105063539625,44.82192099094391,24.473391473293304
423,mof_unit_9377,60.71428571428571,0.6620115294136778,53.713107109069824,34.12042558193207
424,mof_unit_9378,22.5,0.13158597490845317,48.341670632362366,30.415397882461548
425,mof_unit_9379,58.0246913580247,0.5919296327355087,72.61683344841003,64.67638611793518
426,mof_unit_9380,52.666666666666664,0.49067056121167285,48.341670632362366,30.415397882461548
427,mof_unit_9381,31.428571428571427,0.25007750315721927,50.73850750923157,30.398377776145935
428,mof_unit_9382,47.704081632653065,0.51422007348902,53.646695613861084,37.334710359573364
429,mof_unit_9383,45.14285714285714,0.3858176523660079,72.61683344841003,64.67638611793518
430,mof_unit_9384,55.35714285714286,0.8514991296019246,75.50511956214905,68.73443722724915
431,mof_unit_9385,50.4,0.3417703146316003,61.41711473464966,44.42513287067413
432,mof_unit_9386,50.39682539682539,0.5028392999873893,56.572091579437256,42.667216062545776
433,mof_unit_9387,55.00000000000001,0.6558396782011429,75.50511956214905,68.73443722724915
434,mof_unit_9388,43.42857142857143,0.28050003052636613,50.120967626571655,27.701613306999207
435,mof_unit_9389,51.66666666666667,0.4876084093176949,57.24747180938721,43.22390556335449
436,mof_unit_9390,55.35714285714286,0.6559217217022676,48.341670632362366,30.415397882461548
437,mof_unit_9391,51.23456790123457,0.4973354716935797,50.31512379646301,26.95254683494568
438,mof_unit_9392,38.0,0.09985399182084943,46.60896956920624,24.90052878856659
439,mof_unit_9393,51.81818181818182,0.4259875364276072,44.29425895214081,23.456937074661255
440,mof_unit_9394,38.857142857142854,0.31192907088449634,65.24926424026489,55.095309019088745
441,mof_unit_9395,43.63636363636363,0.4567145281357499,62.72401213645935,52.65654921531677
442,mof_unit_9396,51.78571428571429,0.4165289005816611,46.60896956920624,24.90052878856659
443,mof_unit_9397,71.0,1.335016535085549,51.518166065216064,32.578396797180176
444,mof_unit_9398,60.71428571428571,0.7180330386603664,61.97354793548584,46.80423140525818
445,mof_unit_9399,65.71428571428571,1.1000157987552273,56.572091579437256,42.667216062545776
446,mof_unit_9400,47.5,0.46710522371312113,38.54489028453827,18.746663630008698
447,mof_unit_9401,37.244897959183675,0.2518776951472953,73.35682511329651,64.53945636749268
448,mof_unit_9402,45.55555555555556,0.2566533233495536,45.778822898864746,24.071167409420013
449,mof_unit_9403,56.42857142857143,0.5958319677923778,52.33399271965027,34.32774543762207
450,mof_unit_9404,53.57142857142857,0.44264999729880417,63.38571906089783,52.4630069732666
451,mof_unit_9405,60.0,0.9314964652466398,44.29425895214081,23.456937074661255
452,mof_unit_9406,40.136054421768705,0.20278314889440513,50.73850750923157,30.398377776145935
453,mof_unit_9407,34.183673469387756,0.3035146298199071,47.172537446022034,23.12556505203247
454,mof_unit_9408,46.56084656084656,0.48479803229019136,41.81159436702728,21.83946520090103
455,mof_unit_9409,47.85714285714286,0.4731526779676342,41.54040515422821,17.31313169002533
456,mof_unit_9410,61.904761904761905,0.9635942003006649,66.9905960559845,55.705326795578
457,mof_unit_9411,60.909090909090914,1.0195875604630467,66.9905960559845,55.705326795578
458,mof_unit_9412,50.55555555555556,0.6422324156232877,47.172537446022034,23.12556505203247
459,mof_unit_9413,48.888888888888886,0.6124204027049536,53.85521650314331,36.62457764148712
460,mof_unit_9414,27.604166666666668,0.1177153980298794,75.89907050132751,68.08598041534424
461,mof_unit_9415,55.833333333333336,0.7037902338089737,67.45373606681824,58.949339389801025
462,mof_unit_9416,45.06172839506173,0.3245893750620889,48.5955685377121,29.253530502319336
463,mof_unit_9417,31.25,0.2715560903645961,67.45373606681824,58.949339389801025
464,mof_unit_9418,57.14285714285714,0.5162147429645243,48.5955685377121,29.253530502319336
465,mof_unit_9419,37.5,0.3673773432055415,41.81159436702728,21.83946520090103
466,mof_unit_9420,49.81818181818182,0.4215430195583723,46.95395529270172,24.486422538757324
467,mof_unit_9421,38.0,0.18387839161328984,48.5955685377121,29.253530502319336
468,mof_unit_9422,42.285714285714285,0.29104371321141814,76.53467059135437,68.56290102005005
469,mof_unit_9423,59.44444444444444,0.8636531227659402,75.89907050132751,68.08598041534424
470,mof_unit_9424,42.592592592592595,0.22645946049911164,73.35682511329651,64.53945636749268
471,mof_unit_9425,57.99999999999999,0.7454628867312386,48.5955685377121,29.253530502319336
472,mof_unit_9426,60.55555555555555,0.7807937979325621,63.38571906089783,52.4630069732666
473,mof_unit_9427,47.14285714285714,0.47399761712975436,66.84985756874084,52.94899344444275
474,mof_unit_9428,31.25,0.10047662784246733,67.94557571411133,58.571428060531616
475,mof_unit_9429,65.0,1.308441402437868,49.43394064903259,31.982415914535522
476,mof_unit_9430,40.27777777777778,0.3410264803357544,49.43394064903259,31.982415914535522
477,mof_unit_9431,45.0,0.3029496981052468,63.38571906089783,52.4630069732666
478,mof_unit_9432,39.76190476190476,0.21489153451728124,70.59586644172668,64.10543322563171
479,mof_unit_9433,45.83333333333333,0.33392241668400496,63.38571906089783,52.4630069732666
480,mof_unit_9434,27.142857142857142,0.09681235508601453,61.69312000274658,45.91371715068817
481,mof_unit_9435,40.0,0.3298095257054688,36.372703313827515,14.454615116119385
482,mof_unit_9436,68.06122448979592,1.25992000561646,69.82467770576477,61.21428608894348
483,mof_unit_9437,53.57142857142857,0.5616288086508819,45.778822898864746,24.071167409420013
484,mof_unit_9438,48.095238095238095,0.4539453113378272,67.94557571411133,58.571428060531616
485,mof_unit_9439,36.8,0.3964825768290474,60.17298102378845,45.844510197639465
486,mof_unit_9440,48.97959183673469,0.3775903049754726,67.94557571411133,58.571428060531616
487,mof_unit_9441,58.333333333333336,0.6820412737829115,46.95395529270172,24.486422538757324
488,mof_unit_9442,72.22222222222221,1.4686335836014508,62.50743865966797,50.15624761581421
489,mof_unit_9443,46.53061224489796,0.4558255273378338,56.24289512634277,41.95312559604645
490,mof_unit_9444,59.92063492063492,0.7576640516382825,60.093170404434204,45.621874928474426
491,mof_unit_9445,19.28571428571429,0.048430082741368084,54.89017367362976,36.33958697319031
492,mof_unit_9446,47.333333333333336,0.44771137790354437,60.2169394493103,46.09504044055939
493,mof_unit_9447,26.041666666666668,0.2701560701969803,73.35682511329651,64.53945636749268
494,mof_unit_9448,38.775510204081634,0.25941673150538425,67.03535914421082,56.30970597267151
495,mof_unit_9449,36.734693877551024,0.33337759099071096,68.52713227272034,59.97067093849182
496,mof_unit_9450,33.203125,0.20724342114554242,68.52713227272034,59.97067093849182
497,mof_unit_9451,65.87301587301587,1.1407309053215775,61.94664239883423,47.00592756271362
498,mof_unit_9452,54.0,0.5173523150958395,62.12809681892395,48.60537052154541
499,mof_unit_9453,38.285714285714285,0.30778919882547573,67.94557571411133,58.571428060531616
500,mof_unit_9454,60.333333333333336,0.599959421087119,61.19191646575928,48.97643029689789
501,mof_unit_9455,48.86363636363637,0.519743851123528,55.068427324295044,34.25708711147308
502,mof_unit_9456,61.0,0.4650650684023811,60.093170404434204,45.621874928474426
503,mof_unit_9457,57.14285714285714,0.6287401896428134,69.82467770576477,61.21428608894348
504,mof_unit_9458,60.0,0.6705107881045519,61.69312000274658,45.91371715068817
505,mof_unit_9459,61.0,0.6341323402987541,58.29517841339111,43.84920597076416
506,mof_unit_9460,32.0,0.1856304103800741,66.18582606315613,53.102678060531616
507,mof_unit_9461,56.666666666666664,0.5975935803998462,66.18582606315613,53.102678060531616
508,mof_unit_9462,57.407407407407405,0.5658011085037867,67.10386276245117,53.612786531448364
509,mof_unit_9463,48.0,0.5471833343167464,70.59586644172668,64.10543322563171
510,mof_unit_9464,51.66666666666667,0.4292070010616897,55.068427324295044,34.25708711147308
511,mof_unit_9465,61.1904761904762,0.8808226914076361,57.653385400772095,39.60151672363281
512,mof_unit_9466,53.316326530612244,0.5813136319050445,46.75806760787964,30.52693009376526
513,mof_unit_9467,62.698412698412696,0.8399268420971491,54.971593618392944,36.29971444606781
514,mof_unit_9468,41.07142857142857,0.26183577591212315,41.62878692150116,14.557205140590668
515,mof_unit_9469,46.111111111111114,0.44509573851535505,55.650824308395386,38.63636255264282
516,mof_unit_9470,51.81818181818182,0.5517220224643539,41.62878692150116,14.557205140590668
517,mof_unit_9471,55.23809523809524,0.5240292748989293,52.698105573654175,38.06838393211365
518,mof_unit_9472,61.42857142857143,0.883881376273673,67.10386276245117,53.612786531448364
519,mof_unit_9473,69.38775510204081,0.8702009605064674,43.76007616519928,23.176860809326172
520,mof_unit_9474,66.20370370370371,0.8799755822366588,55.650824308395386,38.63636255264282
521,mof_unit_9475,29.09090909090909,0.11668086669167337,53.62480878829956,37.26511597633362
522,mof_unit_9476,48.57142857142857,0.41486978077304615,62.97212839126587,48.08362424373627
523,mof_unit_9477,59.7667638483965,0.772630077282389,46.75806760787964,30.52693009376526
524,mof_unit_9478,66.66666666666666,1.1462705242445999,62.53407001495361,51.17391347885132
525,mof_unit_9479,54.0,0.535504353970686,55.650824308395386,38.63636255264282
526,mof_unit_9480,63.0,0.5975427071897067,54.971593618392944,36.29971444606781
527,mof_unit_9481,42.5,0.4009130848527656,53.164106607437134,32.36717879772186
528,mof_unit_9482,56.25,0.8200050002699123,62.53407001495361,51.17391347885132
529,mof_unit_9483,69.28571428571428,0.8896709576936628,57.653385400772095,39.60151672363281
530,mof_unit_9484,50.0,0.34219625272689336,57.653385400772095,39.60151672363281
531,mof_unit_9485,44.285714285714285,0.3835177652703535,55.068427324295044,34.25708711147308
532,mof_unit_9486,58.14814814814815,0.6697644825605187,62.53407001495361,51.17391347885132
533,mof_unit_9487,60.55555555555555,0.6614140384480239,53.62480878829956,37.26511597633362
534,mof_unit_9488,45.0,0.35330560414260026,37.9464715719223,15.933738648891449
535,mof_unit_9489,33.730158730158735,0.16916745407215233,49.80759918689728,25.901874899864197
536,mof_unit_9490,44.6875,0.4017208592696107,62.53407001495361,51.17391347885132
537,mof_unit_9491,35.204081632653065,-0.06300536887437459,62.53407001495361,51.17391347885132
538,mof_unit_9492,54.33673469387755,0.45325011305271257,52.54209041595459,32.904040813446045
539,mof_unit_9493,42.5,0.319659270532768,54.869383573532104,35.919541120529175
540,mof_unit_9494,32.8125,0.06639141559924801,62.53407001495361,51.17391347885132
541,mof_unit_9495,53.06122448979592,0.4232819515066902,59.3595027923584,45.49586772918701
542,mof_unit_9496,44.0,0.3651321356825919,42.07974076271057,15.825122594833374
543,mof_unit_9497,52.721088435374156,0.5713723982321918,62.53407001495361,51.17391347885132
544,mof_unit_9498,32.0,0.18941650037585198,52.54209041595459,32.904040813446045
545,mof_unit_9499,41.964285714285715,0.3474581168644849,42.07974076271057,15.825122594833374
546,mof_unit_9500,46.666666666666664,0.4260772335496176,62.53407001495361,51.17391347885132
547,mof_unit_9501,60.55555555555555,0.8103404052402878,64.95702862739563,54.82196807861328
548,mof_unit_9502,44.44444444444444,0.36712588650023464,64.95702862739563,54.82196807861328
549,mof_unit_9503,26.5,0.14573658317169402,65.56861400604248,52.04761624336243
550,mof_unit_9504,37.857142857142854,0.24901711621286232,63.12553882598877,49.53246712684631
551,mof_unit_9505,49.2063492063492,0.3695872650832943,60.46175956726074,47.74170219898224
552,mof_unit_9506,34.12698412698413,-0.002495167892578739,41.857144236564636,23.902493715286255
553,mof_unit_9507,54.666666666666664,0.5826166195589132,62.53407001495361,51.17391347885132
554,mof_unit_9508,29.142857142857142,0.1663593416614292,43.87626349925995,22.398990392684937
555,mof_unit_9509,46.03174603174603,0.3018419803966516,59.3595027923584,45.49586772918701
556,mof_unit_9510,50.97402597402597,0.6040507286759853,37.782806158065796,17.837581038475037
557,mof_unit_9511,55.00000000000001,0.6089478118724765,71.10648155212402,62.50463128089905
558,mof_unit_9512,53.96825396825397,0.5109870141499508,64.95702862739563,54.82196807861328
559,mof_unit_9513,46.666666666666664,0.4145633300159012,53.442758321762085,36.48989796638489
560,mof_unit_9514,44.166666666666664,0.3731274782628054,64.95702862739563,54.82196807861328
561,mof_unit_9515,64.24242424242425,1.2016233424812477,64.04761672019958,50.496453046798706
562,mof_unit_9516,60.357142857142854,0.9732618921004222,64.95702862739563,54.82196807861328
563,mof_unit_9517,41.0,0.2762483215232585,64.95702862739563,54.82196807861328
564,mof_unit_9518,53.0,0.4778745020955884,64.95702862739563,54.82196807861328
565,mof_unit_9519,34.183673469387756,0.06920328218223186,70.62459588050842,62.40348219871521
566,mof_unit_9520,48.76543209876543,0.3091083480774819,70.04489302635193,59.0235710144043
567,mof_unit_9521,49.28571428571429,0.44000471288561327,64.95702862739563,54.82196807861328
568,mof_unit_9522,49.166666666666664,0.3343075879768658,64.95702862739563,54.82196807861328
569,mof_unit_9523,54.46428571428571,0.6266353606150545,63.13920617103577,50.87357759475708
570,mof_unit_9524,55.55555555555556,0.7508469924189979,43.919482827186584,28.108051419258118
571,mof_unit_9525,61.60714285714286,0.8057016118720031,50.766366720199585,29.955357313156128
572,mof_unit_9526,53.57142857142857,0.5694964675665198,64.95702862739563,54.82196807861328
573,mof_unit_9527,61.36363636363637,0.7545693246396672,64.95702862739563,54.82196807861328
574,mof_unit_9528,59.89010989010989,0.6531780966758278,70.62459588050842,62.40348219871521
575,mof_unit_9529,28.000000000000004,0.18227295636511395,64.95702862739563,54.82196807861328
576,mof_unit_9530,34.375,0.211378593789491,64.5261824131012,54.40102219581604
577,mof_unit_9531,60.11904761904761,0.7495965816903758,70.62459588050842,62.40348219871521
578,mof_unit_9532,55.10204081632652,0.542842197842852,51.76136493682861,32.52435028553009
579,mof_unit_9533,60.55555555555555,0.9461458791233744,57.81315565109253,41.58636927604675
580,mof_unit_9534,54.93827160493827,0.6717592066405719,70.62459588050842,62.40348219871521
581,mof_unit_9535,59.523809523809526,1.0449667684738955,70.82693576812744,62.02850341796875
582,mof_unit_9536,61.0,0.603372058505685,44.26999390125275,26.496243476867676
583,mof_unit_9537,54.50000000000001,0.5781467908358585,61.71717047691345,50.72150230407715
584,mof_unit_9538,49.14772727272727,0.4496366198011192,49.757784605026245,32.85467028617859
585,mof_unit_9539,54.54545454545454,0.5984247661232356,43.919482827186584,28.108051419258118
586,mof_unit_9540,57.77777777777777,0.7992505386130078,63.13920617103577,50.87357759475708
587,mof_unit_9541,55.00000000000001,0.5699972464662004,57.81315565109253,41.58636927604675
588,mof_unit_9542,43.333333333333336,0.4171062220442283,63.13920617103577,50.87357759475708
589,mof_unit_9543,67.61904761904762,0.980190619539964,61.71717047691345,50.72150230407715
590,mof_unit_9544,51.0,0.4267940440723668,59.919190406799316,45.53535282611847
591,mof_unit_9545,49.166666666666664,0.4412514128620534,57.26010203361511,41.75505042076111
592,mof_unit_9546,40.0,0.2975146686239209,50.82070827484131,29.245582222938538
593,mof_unit_9547,60.0,0.7956312348049704,70.82693576812744,62.02850341796875
594,mof_unit_9549,49.166666666666664,0.3729141149988635,61.48902773857117,46.69278860092163
595,mof_unit_9550,31.428571428571427,0.20625960853889866,66.89839363098145,57.79060125350952
596,mof_unit_9551,46.25,0.3143945543180363,70.82693576812744,62.02850341796875
597,mof_unit_9552,57.85714285714286,0.5101124935685587,59.890031814575195,46.44428193569183
598,mof_unit_9553,72.14285714285714,1.5653040631060435,66.59091114997864,55.88904023170471
599,mof_unit_9554,37.5,0.15563754312223202,61.48902773857117,46.69278860092163
600,mof_unit_9555,56.34920634920635,0.5519952790852003,43.919482827186584,28.108051419258118
601,mof_unit_9556,46.0,0.44927100761004785,63.80077600479126,50.67698359489441
602,mof_unit_9557,65.0,0.7687650736853078,43.919482827186584,28.108051419258118
603,mof_unit_9558,59.25925925925925,0.5585617945045026,54.17027473449707,37.936508655548096
604,mof_unit_9559,58.79629629629629,1.0347138772391915,54.17027473449707,37.936508655548096
605,mof_unit_9560,46.0,0.49020705423855837,49.757784605026245,32.85467028617859
606,mof_unit_9561,39.58333333333333,0.36062723752178777,59.890031814575195,46.44428193569183
607,mof_unit_9562,23.75,0.08476062096709144,70.62459588050842,62.40348219871521
608,mof_unit_9563,51.11111111111111,0.7413798390918224,53.68697643280029,37.24731206893921
609,mof_unit_9564,40.0,0.35440529158979983,57.81151056289673,44.45287883281708
610,mof_unit_9565,60.0,0.6228376702699967,51.76136493682861,32.52435028553009
611,mof_unit_9566,53.5,0.6963771455387536,64.70041275024414,53.94628047943115
612,mof_unit_9567,34.285714285714285,0.19404862743489984,63.73209357261658,51.773130893707275
613,mof_unit_9569,45.0,0.4261522834244616,45.106568932533264,23.79295378923416
614,mof_unit_9570,57.99999999999999,0.6110024273856841,61.91115975379944,48.853304982185364
615,mof_unit_9571,56.481481481481474,0.6426555657302292,70.62459588050842,62.40348219871521
616,mof_unit_9572,70.47619047619048,1.0358171934495872,53.68697643280029,37.24731206893921
617,mof_unit_9573,38.02083333333333,0.20804930403047325,70.62459588050842,62.40348219871521
618,mof_unit_9574,47.5,0.656062306181293,53.68697643280029,37.24731206893921
619,mof_unit_9575,52.38095238095239,0.36431851932964027,64.70041275024414,53.94628047943115
620,mof_unit_9576,34.6875,0.19067641993280726,59.79166626930237,45.89962065219879
621,mof_unit_9577,45.83333333333333,0.29297709240480235,70.62459588050842,62.40348219871521
622,mof_unit_9579,56.42857142857143,0.8200945222988398,70.62459588050842,62.40348219871521
623,mof_unit_9580,38.775510204081634,0.009617894251602352,57.81151056289673,44.45287883281708
624,mof_unit_9581,35.42857142857142,0.29974255618865686,73.48484992980957,67.24644303321838
625,mof_unit_9582,43.82716049382716,0.3905493560103455,57.81151056289673,44.45287883281708
626,mof_unit_9584,60.0,0.5970911689241886,70.62459588050842,62.40348219871521
627,mof_unit_9585,61.72839506172839,0.9705075844828183,47.314342856407166,28.961166739463806
628,mof_unit_9586,63.888888888888886,1.008745919845063,63.73209357261658,51.773130893707275
629,mof_unit_9587,65.23809523809524,0.9044506214793787,63.73209357261658,51.773130893707275
630,mof_unit_9588,28.92857142857143,0.23344845205789644,58.407407999038696,43.64197552204132
631,mof_unit_9589,51.78571428571429,0.42948780293235084,67.81434416770935,55.09841442108154
632,mof_unit_9590,68.18181818181817,1.1652585026601816,70.73317170143127,62.905651330947876
633,mof_unit_9591,60.0,0.46937430595391083,51.13636255264282,34.070247411727905
634,mof_unit_9592,36.3265306122449,0.30845446607688815,63.18981647491455,50.111109018325806
635,mof_unit_9593,57.99999999999999,0.8527687092294544,54.43452596664429,33.0257922410965
636,mof_unit_9594,53.086419753086425,0.4165436466912729,47.43303656578064,25.07440447807312
637,mof_unit_9595,58.92857142857143,0.7182177455672989,52.27689743041992,35.14285683631897
638,mof_unit_9596,67.85714285714286,0.8764225094769558,67.81434416770935,55.09841442108154
639,mof_unit_9597,62.142857142857146,0.7389453570610701,51.68750286102295,33.34659039974213
640,mof_unit_9598,45.23809523809524,0.3339643247668787,67.81434416770935,55.09841442108154
641,mof_unit_9599,58.333333333333336,0.7526884262085874,67.81434416770935,55.09841442108154
642,mof_unit_9600,43.452380952380956,0.3334899608896861,62.58264183998108,50.247931480407715
643,mof_unit_9601,52.5,0.6413072297071477,44.02357041835785,27.116402983665466
644,mof_unit_9602,35.0,0.3162960470802294,47.43303656578064,25.07440447807312
645,mof_unit_9603,53.086419753086425,0.5482717771576816,69.15243268013,58.538901805877686
646,mof_unit_9604,41.785714285714285,0.38857171894410336,75.1574456691742,68.81091594696045
647,mof_unit_9605,49.0,0.2513896114378752,47.43303656578064,25.07440447807312
648,mof_unit_9606,48.0,0.487865977186168,52.27689743041992,35.14285683631897
649,mof_unit_9607,48.4375,0.45953236346989823,67.81434416770935,55.09841442108154
650,mof_unit_9608,44.0,0.3365619654281983,47.43303656578064,25.07440447807312
651,mof_unit_9609,31.25,0.2864367470702008,63.76463174819946,51.883918046951294
652,mof_unit_9610,64.76190476190476,0.8406260924276158,52.27689743041992,35.14285683631897
653,mof_unit_9611,32.0,0.15564264263535485,52.27689743041992,35.14285683631897
654,mof_unit_9612,57.36607142857143,0.8173277304445222,62.67361044883728,49.4140625
655,mof_unit_9613,36.11111111111111,0.23804597202198396,62.01503872871399,50.48955678939819
656,mof_unit_9614,64.96598639455783,0.9024469743414658,75.1574456691742,68.81091594696045
657,mof_unit_9615,55.833333333333336,0.5975068569147403,46.93344831466675,25.940626859664917
658,mof_unit_9616,44.0,0.37897675651368384,40.29705822467804,14.726078510284424
659,mof_unit_9617,45.0,0.32401751138212437,51.473212242126465,30.92758059501648
660,mof_unit_9618,54.0,0.5576469057069983,58.407407999038696,43.64197552204132
661,mof_unit_9619,50.0,0.635934239183179,51.61661505699158,34.59821343421936
662,mof_unit_9620,65.07936507936508,0.7981998730612698,75.1574456691742,68.81091594696045
663,mof_unit_9621,49.2063492063492,0.4830389366187174,60.500991344451904,44.900792837142944
664,mof_unit_9622,44.21296296296296,0.3523672857654904,33.39710831642151,16.904762387275696
665,mof_unit_9623,26.666666666666668,0.022492607040005438,45.226338505744934,18.806584179401398
666,mof_unit_9624,56.666666666666664,0.6691553145269895,61.29593849182129,45.377177000045776
667,mof_unit_9625,28.57142857142857,0.10168147347427402,60.500991344451904,44.900792837142944
668,mof_unit_9626,18.367346938775512,0.15389088592441816,61.860913038253784,47.80629873275757
669,mof_unit_9627,41.42857142857143,0.2906825309104767,62.56392002105713,51.669031381607056
670,mof_unit_9628,60.476190476190474,0.7436257977964728,60.500991344451904,44.900792837142944
671,mof_unit_9629,32.6530612244898,0.15834056718121348,57.929420471191406,42.48866140842438
672,mof_unit_9630,48.214285714285715,0.5128107970970271,75.1574456691742,68.81091594696045
673,mof_unit_9631,60.0,0.6987561863724998,65.10330438613892,54.648762941360474
674,mof_unit_9632,40.0,0.2470449760917607,62.01503872871399,50.48955678939819
675,mof_unit_9633,39.88095238095239,0.3403009159798808,64.78896141052246,53.75000238418579
676,mof_unit_9634,61.63265306122449,0.6799735486515641,55.8347225189209,42.68079698085785
677,mof_unit_9635,50.5,0.5886410818382285,64.78896141052246,53.75000238418579
678,mof_unit_9636,62.5,1.3127632676514016,62.01503872871399,50.48955678939819
679,mof_unit_9637,52.27272727272727,0.5838937733831963,63.17669153213501,49.971804022789
680,mof_unit_9638,66.0,1.0491246329484414,45.88235318660736,23.50236624479294
681,mof_unit_9639,62.5,0.7696415300464259,62.01503872871399,50.48955678939819
682,mof_unit_9640,39.58333333333333,0.33902475118386405,60.87678670883179,46.93571329116821
683,mof_unit_9641,34.375,0.24511007022083545,62.01503872871399,50.48955678939819
684,mof_unit_9642,52.67857142857143,0.5208062740812669,56.19949698448181,41.55302941799164
685,mof_unit_9643,72.0,1.4998243833230176,46.94432318210602,26.65289342403412
686,mof_unit_9644,56.547619047619044,0.5523078408981903,45.88235318660736,23.50236624479294
687,mof_unit_9645,67.05729166666666,0.9309833903384889,62.639278173446655,52.17242240905762
688,mof_unit_9646,49.28571428571429,0.5141593590686,61.45005226135254,49.006444215774536
689,mof_unit_9647,57.99999999999999,0.6127846453181554,70.38961052894592,61.4545464515686
690,mof_unit_9648,59.0,0.7002842193591662,60.87678670883179,46.93571329116821
691,mof_unit_9649,41.964285714285715,0.4358543480335319,70.38961052894592,61.4545464515686
692,mof_unit_9650,59.523809523809526,0.6684614995358735,60.062867403030396,42.92775094509125
693,mof_unit_9651,58.57142857142858,0.7432198126644488,43.1664764881134,27.48855948448181
694,mof_unit_9652,46.0,0.42465107693443566,61.45005226135254,49.006444215774536
695,mof_unit_9653,42.92929292929293,0.3296619539550904,52.804017066955566,36.34395897388458
696,mof_unit_9654,46.875,0.38347025058375456,64.39393758773804,53.38642597198486
697,mof_unit_9655,56.34920634920635,0.6818437610405118,60.062867403030396,42.92775094509125
698,mof_unit_9656,48.80952380952381,0.43923085744230284,56.46201968193054,39.12070691585541
699,mof_unit_9657,56.666666666666664,0.7479169359561351,73.0043113231659,63.612306118011475
700,mof_unit_9658,58.730158730158735,0.6287550345341674,43.48781108856201,22.774943709373474
701,mof_unit_9659,51.83673469387755,0.5847278326364164,57.97258019447327,44.6825385093689
702,mof_unit_9660,41.25,0.2902819325351039,63.00366520881653,50.19332766532898
703,mof_unit_9661,58.11688311688312,0.5747882668779682,43.1664764881134,27.48855948448181
704,mof_unit_9662,57.738095238095234,0.6186929288598679,33.39710831642151,16.904762387275696
705,mof_unit_9663,38.857142857142854,0.24123852153731132,43.1664764881134,27.48855948448181
706,mof_unit_9664,51.85185185185185,0.34352738324355386,56.46201968193054,39.12070691585541
707,mof_unit_9665,69.28571428571428,0.9574302024628137,56.46201968193054,39.12070691585541
708,mof_unit_9666,25.30612244897959,0.19039457340175855,65.34792184829712,54.76992130279541
709,mof_unit_9667,68.45238095238095,1.0775929072444903,63.713473081588745,54.65097427368164
710,mof_unit_9668,51.5625,0.6238372007184027,60.806453227996826,47.27272689342499
711,mof_unit_9669,42.857142857142854,0.2657133509234637,61.860913038253784,47.80629873275757
712,mof_unit_9670,37.5,0.2608945297693355,43.1664764881134,27.48855948448181
713,mof_unit_9671,37.77777777777778,0.29727021976992,76.7578125,70.40039300918579
714,mof_unit_9672,52.5,0.5408543592889802,60.98392605781555,48.158928751945496
715,mof_unit_9673,53.57142857142857,0.6474369852655629,43.1664764881134,27.48855948448181
716,mof_unit_9674,53.333333333333336,0.6429921313502115,61.860913038253784,47.80629873275757
717,mof_unit_9675,53.75,0.5712420495528449,55.786097049713135,40.67139029502869
718,mof_unit_9676,46.909090909090914,0.49618622903123855,55.786097049713135,40.67139029502869
719,mof_unit_9677,46.93877551020408,0.4352093935511133,62.99622654914856,49.06511902809143
720,mof_unit_9678,35.5,0.20696759665318945,59.652429819107056,45.72114646434784
721,mof_unit_9679,55.333333333333336,0.6699960033219461,76.7578125,70.40039300918579
722,mof_unit_9680,56.25,0.6016516408158444,76.7578125,70.40039300918579
723,mof_unit_9681,51.22448979591837,0.5019410825404363,53.518515825271606,29.330483078956604
724,mof_unit_9682,19.897959183673468,-0.008072462054547997,47.68695831298828,26.27122700214386
725,mof_unit_9683,54.44444444444444,0.47579451950749097,68.0443525314331,57.86290168762207
726,mof_unit_9684,55.00000000000001,0.5868419474081903,62.99622654914856,49.06511902809143
727,mof_unit_9685,47.14285714285714,0.38869295941782017,68.0443525314331,57.86290168762207
728,mof_unit_9686,74.54545454545455,1.5910063670470997,52.804017066955566,36.34395897388458
729,mof_unit_9687,36.875,0.010772860994229843,52.40163207054138,28.035852313041687
730,mof_unit_9688,36.0,0.3618925357650846,62.99622654914856,49.06511902809143
731,mof_unit_9689,33.80952380952381,0.13599390036575568,47.68695831298828,26.27122700214386
732,mof_unit_9690,39.732142857142854,0.24992864064059445,59.652429819107056,45.72114646434784
733,mof_unit_9691,42.410714285714285,0.3782587995880972,55.89669346809387,39.338842034339905
734,mof_unit_9693,73.80952380952381,1.3031447743824942,65.06295204162598,55.10522723197937
735,mof_unit_9694,44.50757575757576,0.2823484605410315,58.40067267417908,42.27272868156433
736,mof_unit_9695,53.18181818181819,0.4395532883073524,59.652429819107056,45.72114646434784
737,mof_unit_9696,55.925925925925924,0.6584500502158924,47.68695831298828,26.27122700214386
738,mof_unit_9697,52.22222222222223,0.6315594334879899,47.68695831298828,26.27122700214386
739,mof_unit_9698,58.333333333333336,0.8240458260342794,59.71064567565918,45.798611640930176
740,mof_unit_9699,55.45454545454545,0.6431316129702991,59.71064567565918,45.798611640930176
741,mof_unit_9700,51.66666666666667,0.6239721058587081,59.652429819107056,45.72114646434784
742,mof_unit_9701,52.38095238095239,0.45717574660832805,65.06295204162598,55.10522723197937
743,mof_unit_9702,41.0,0.2669571625337191,53.518515825271606,29.330483078956604
744,mof_unit_9703,40.625,0.42333001255977026,47.68695831298828,26.27122700214386
745,mof_unit_9704,42.857142857142854,0.34247958189044914,65.06295204162598,55.10522723197937
746,mof_unit_9705,57.53968253968254,0.8532845304802408,57.07052946090698,43.81996691226959
747,mof_unit_9706,55.714285714285715,0.5958165577242958,52.40163207054138,28.035852313041687
748,mof_unit_9707,53.63636363636364,0.7472657263533086,57.07052946090698,43.81996691226959
749,mof_unit_9708,44.5,0.4019610742521221,54.61776852607727,37.252065539360046
750,mof_unit_9709,60.18518518518518,0.7132808411494981,76.34074091911316,69.32345628738403
751,mof_unit_9710,58.0246913580247,0.8722179845066554,58.30203890800476,42.0734703540802
752,mof_unit_9711,29.166666666666668,0.35163639420766185,76.34074091911316,69.32345628738403
753,mof_unit_9712,56.666666666666664,0.7574323322543797,76.34074091911316,69.32345628738403
754,mof_unit_9713,50.28571428571429,0.6559760686204346,52.40163207054138,28.035852313041687
755,mof_unit_9714,39.58333333333333,0.41820806136757466,76.34074091911316,69.32345628738403
756,mof_unit_9715,43.63636363636363,0.33042599932953826,60.30303239822388,47.70202040672302
757,mof_unit_9716,66.16161616161617,1.0830776512647078,51.798033714294434,35.02286374568939
758,mof_unit_9717,31.944444444444443,0.2699746420888889,52.40163207054138,28.035852313041687
759,mof_unit_9718,36.11111111111111,0.21735929355734535,57.6066792011261,40.730518102645874
760,mof_unit_9719,40.0,0.47161733958908986,57.07052946090698,43.81996691226959
761,mof_unit_9720,33.125,-0.0209015580973078,56.724536418914795,40.97222089767456
762,mof_unit_9721,55.35714285714286,0.4578026040630018,76.34074091911316,69.32345628738403
763,mof_unit_9722,57.69944341372912,0.7567660207663935,53.997933864593506,34.814050793647766
764,mof_unit_9723,63.5,0.9068485938288795,52.40163207054138,28.035852313041687
765,mof_unit_9724,75.33333333333333,1.2341762287236742,57.6066792011261,40.730518102645874
766,mof_unit_9725,40.0,0.3734160405871951,61.433565616607666,49.19580519199371
767,mof_unit_9726,48.68804664723032,0.44548073218360573,58.40067267417908,42.27272868156433
768,mof_unit_9727,42.27272727272727,0.4526890031469946,57.6066792011261,40.730518102645874
769,mof_unit_9728,38.57142857142858,0.25644219192128404,68.51460933685303,59.29788947105408
770,mof_unit_9729,48.0,0.47402337168008396,74.48484897613525,68.27168464660645
771,mof_unit_9730,53.333333333333336,0.5108011039359498,58.47402811050415,44.350647926330566
772,mof_unit_9731,60.45454545454545,0.9091801862489325,68.51460933685303,59.29788947105408
773,mof_unit_9732,56.42857142857143,0.6798632892209285,69.24909353256226,59.66365933418274
774,mof_unit_9733,37.94642857142857,0.3840332881099307,53.997933864593506,34.814050793647766
775,mof_unit_9734,35.5,0.367077550038011,49.80519413948059,30.089285969734192
776,mof_unit_9735,44.166666666666664,0.4191500762035439,69.24909353256226,59.66365933418274
777,mof_unit_9736,52.604166666666664,0.4752254738551509,64.03579115867615,52.36823558807373
778,mof_unit_9737,35.714285714285715,0.3983324840212458,52.451497316360474,38.11287581920624
779,mof_unit_9738,52.5,0.49275798891784955,69.24909353256226,59.66365933418274
780,mof_unit_9739,54.166666666666664,0.5457846434059255,58.31974744796753,43.89945566654205
781,mof_unit_9740,67.42424242424242,1.0812609097254675,60.662758350372314,44.985195994377136
782,mof_unit_9741,56.078083407275955,0.6431190181446897,48.90197515487671,29.744815826416016
783,mof_unit_9742,42.46031746031746,0.3007625056613284,56.94444179534912,38.14935088157654
784,mof_unit_9743,57.407407407407405,0.7858585397367611,48.516130447387695,26.34408473968506
785,mof_unit_9744,49.166666666666664,0.47459656055353583,54.61776852607727,37.252065539360046
786,mof_unit_9745,62.96296296296296,0.8366717869494803,52.451497316360474,38.11287581920624
787,mof_unit_9746,51.19047619047619,0.42316019318852,55.62770366668701,41.13997220993042
788,mof_unit_9747,46.111111111111114,0.4993124691594166,70.6944465637207,61.37896776199341
789,mof_unit_9748,58.18181818181818,0.930044274264455,60.662758350372314,44.985195994377136
790,mof_unit_9749,28.999999999999996,0.13056897593482011,49.807119369506836,26.356396079063416
791,mof_unit_9750,58.5,0.6208113530692179,55.62770366668701,41.13997220993042
792,mof_unit_9751,50.0,0.5343891033445423,51.56084895133972,31.790122389793396
793,mof_unit_9752,42.5,0.35748520258575833,57.6066792011261,40.730518102645874
794,mof_unit_9753,47.0,0.3127805587550363,55.62770366668701,41.13997220993042
795,mof_unit_9754,42.1875,0.36341728434273807,71.33462429046631,63.38491439819336
796,mof_unit_9755,49.0,0.5192197364784022,53.997933864593506,34.814050793647766
797,mof_unit_9756,43.333333333333336,0.4345112169593893,61.79220676422119,47.95454442501068
798,mof_unit_9757,45.66326530612245,0.5000765821545284,53.35497856140137,34.868162870407104
799,mof_unit_9758,37.03703703703704,0.2225493690930741,50.255876779556274,32.67498314380646
800,mof_unit_9759,21.25,0.0689510460839825,64.10481929779053,53.96619439125061
801,mof_unit_9760,60.5,0.669150831831373,50.255876779556274,32.67498314380646
802,mof_unit_9761,35.0,0.213698306667718,50.255876779556274,32.67498314380646
803,mof_unit_9762,42.592592592592595,0.3055875384215677,56.9865345954895,44.05723810195923
804,mof_unit_9763,41.66666666666667,0.4016238320479223,50.255876779556274,32.67498314380646
805,mof_unit_9764,27.380952380952383,-0.13996010009710916,49.969008564949036,30.413222312927246
806,mof_unit_9765,56.547619047619044,1.0065651215914215,64.10481929779053,53.96619439125061
807,mof_unit_9766,48.148148148148145,0.3714061598563876,67.41132736206055,55.24691343307495
808,mof_unit_9767,48.66666666666667,0.34165344954234267,64.10481929779053,53.96619439125061
809,mof_unit_9768,66.66666666666666,1.043292790802096,64.10481929779053,53.96619439125061
810,mof_unit_9769,47.14285714285714,0.550271811041627,59.40384864807129,42.394229769706726
811,mof_unit_9770,38.57142857142858,0.32860488210730227,56.75619840621948,42.45867729187012
812,mof_unit_9771,46.913580246913575,0.3165276301141461,60.92424392700195,48.70454668998718
813,mof_unit_9772,51.0,0.37641980878234466,64.10481929779053,53.96619439125061
814,mof_unit_9773,51.78571428571429,0.46348484273471985,64.10481929779053,53.96619439125061
815,mof_unit_9774,39.54545454545455,0.26466544957336735,59.40384864807129,42.394229769706726
816,mof_unit_9775,42.142857142857146,0.3156601614487872,62.83808350563049,49.48830306529999
817,mof_unit_9776,65.47619047619048,1.0543124620421152,55.20201921463013,38.29292953014374
818,mof_unit_9777,60.0,0.799021149755223,64.10481929779053,53.96619439125061
819,mof_unit_9778,56.36363636363636,0.710279020973784,42.87840127944946,20.032596588134766
820,mof_unit_9779,50.55555555555556,0.47088805492911073,63.02685737609863,50.82644820213318
821,mof_unit_9780,33.06122448979592,0.2885874623779272,47.234246134757996,25.180375576019287
822,mof_unit_9781,56.845238095238095,0.6548992721505315,73.62723350524902,68.62638592720032
823,mof_unit_9782,49.166666666666664,0.36545637639167394,61.79220676422119,47.95454442501068
824,mof_unit_9783,58.333333333333336,0.779324595488227,60.92424392700195,48.70454668998718
825,mof_unit_9784,50.0,0.3618836861431339,48.516130447387695,26.34408473968506
826,mof_unit_9785,62.0,1.0135229146854585,59.40384864807129,42.394229769706726
827,mof_unit_9786,48.888888888888886,0.5159618618690918,71.44907116889954,63.89814615249634
828,mof_unit_9787,52.142857142857146,0.5901698471248862,63.951051235198975,53.909093141555786
829,mof_unit_9788,33.75,0.05980700642368252,63.37504982948303,49.765974283218384
830,mof_unit_9789,56.785714285714285,0.6236283590692311,64.4415557384491,53.474026918411255
831,mof_unit_9790,49.0,0.4286299977961421,42.87840127944946,20.032596588134766
832,mof_unit_9791,36.507936507936506,0.28530773099646506,71.44907116889954,63.89814615249634
833,mof_unit_9792,50.83333333333333,0.6264836606342871,56.75619840621948,42.45867729187012
834,mof_unit_9793,64.28571428571429,1.0124389569774144,56.917500495910645,43.667781352996826
835,mof_unit_9794,50.0,0.5000470618780569,56.75619840621948,42.45867729187012
836,mof_unit_9795,47.0,0.29316973151118014,67.9791510105133,56.71399235725403
837,mof_unit_9796,66.76384839650146,1.0503788105669853,75.94902515411377,69.06136870384216
838,mof_unit_9797,49.404761904761905,0.3260789767909224,64.4415557384491,53.474026918411255
839,mof_unit_9798,59.49074074074075,0.7963832231599651,57.36604928970337,41.44839644432068
840,mof_unit_9799,57.99999999999999,0.6427544109470351,61.80652976036072,48.33333194255829
841,mof_unit_9800,44.0,0.15726292632831185,56.917500495910645,43.667781352996826
842,mof_unit_9801,32.63888888888889,0.2704497010373806,66.4501428604126,55.63912391662598
843,mof_unit_9802,59.166666666666664,0.7118711054402836,63.60185146331787,51.597219705581665
844,mof_unit_9803,51.42857142857142,0.5042716668427772,75.94902515411377,69.06136870384216
845,mof_unit_9804,45.33333333333333,0.5162985722211559,70.64777612686157,60.75873374938965
846,mof_unit_9805,63.18181818181819,0.8668734421735586,62.83808350563049,49.48830306529999
847,mof_unit_9806,56.00000000000001,0.6881924080983144,45.85500359535217,20.354609191417694
848,mof_unit_9807,62.96296296296296,0.865832519400619,50.278133153915405,29.94278371334076
849,mof_unit_9808,51.0,0.44235379489684185,45.85500359535217,20.354609191417694
850,mof_unit_9809,59.523809523809526,0.7925720822396469,63.25255036354065,50.73615312576294
851,mof_unit_9810,46.875,0.6673228098160234,75.94902515411377,69.06136870384216
852,mof_unit_9811,45.9375,0.33594028266269904,63.37504982948303,49.765974283218384
853,mof_unit_9812,46.25,0.4757834517687979,47.234246134757996,25.180375576019287
854,mof_unit_9813,68.0952380952381,0.9636729873653983,50.278133153915405,29.94278371334076
855,mof_unit_9814,60.62499999999999,0.8908216811784577,75.94902515411377,69.06136870384216
856,mof_unit_9815,65.01457725947522,0.721858080508826,51.11570358276367,33.873966336250305
857,mof_unit_9816,57.14285714285714,0.5688364224677562,63.25255036354065,50.73615312576294
858,mof_unit_9817,36.875,0.250403331238154,74.92698431015015,67.36825108528137
859,mof_unit_9818,59.672619047619044,0.788506545750357,64.65908885002136,52.28896141052246
860,mof_unit_9819,38.0,0.3782072512735994,63.25255036354065,50.73615312576294
861,mof_unit_9820,62.857142857142854,0.7469814244927013,63.25255036354065,50.73615312576294
862,mof_unit_9821,60.546875,0.9904921207889168,71.16812467575073,62.511175870895386
863,mof_unit_9822,60.71428571428571,0.7069377665144673,73.62723350524902,68.62638592720032
864,mof_unit_9823,54.6875,0.6348029232759015,63.25255036354065,50.73615312576294
865,mof_unit_9825,43.333333333333336,0.5403123519366035,54.79472279548645,35.61583459377289
866,mof_unit_9826,70.3125,1.4574408407131678,54.79472279548645,35.61583459377289
867,mof_unit_9827,47.817460317460316,0.525553328754065,71.16812467575073,62.511175870895386
868,mof_unit_9828,43.2,0.397231206619877,71.16812467575073,62.511175870895386
869,mof_unit_9829,37.244897959183675,0.2582395572010131,68.30437779426575,57.65659809112549
870,mof_unit_9830,56.25,0.4829840575062968,68.30437779426575,57.65659809112549
871,mof_unit_9831,54.285714285714285,0.5662520844281437,64.65908885002136,52.28896141052246
872,mof_unit_9832,61.5,0.9548612420623012,71.16812467575073,62.511175870895386
873,mof_unit_9833,55.333333333333336,0.5445069844124371,71.16812467575073,62.511175870895386
874,mof_unit_9834,70.53571428571429,1.3269943079696578,68.30437779426575,57.65659809112549
875,mof_unit_9835,68.0,1.0486795320949243,68.30437779426575,57.65659809112549
876,mof_unit_9836,52.142857142857146,0.46058491614661,61.33870482444763,49.08963441848755
877,mof_unit_9837,48.888888888888886,0.4889268729282681,68.30437779426575,57.65659809112549
878,mof_unit_9838,57.936507936507944,0.9675879228269778,68.30437779426575,57.65659809112549
879,mof_unit_9839,50.83333333333333,0.5834400777048965,68.30437779426575,57.65659809112549
880,mof_unit_9840,46.0,0.40172883948396626,68.30437779426575,57.65659809112549
881,mof_unit_9841,41.66666666666667,0.4059545882169941,68.30437779426575,57.65659809112549
882,mof_unit_9842,32.36607142857143,0.28133830244026686,57.68981575965881,39.64814841747284
883,mof_unit_9843,41.11111111111111,0.336208828375674,68.30437779426575,57.65659809112549
884,mof_unit_9844,63.8095238095238,0.9447716451343886,67.89096593856812,57.85984992980957
885,mof_unit_9845,50.79365079365079,0.4669219403208705,68.30437779426575,57.65659809112549
886,mof_unit_9846,26.122448979591837,0.14244959431166787,72.55159020423889,63.6468231678009
887,mof_unit_9847,20.625,0.06824231819132674,72.55969047546387,63.42630982398987
888,mof_unit_9848,58.333333333333336,0.6562437509665106,68.30437779426575,57.65659809112549
889,mof_unit_9849,55.00000000000001,0.5132585046117982,68.30437779426575,57.65659809112549
890,mof_unit_9850,26.285714285714285,0.0984336941573978,51.09722018241882,30.916666984558105
891,mof_unit_9851,59.7667638483965,0.8624510969382156,58.057063817977905,42.13768243789673
892,mof_unit_9852,52.77777777777778,0.5055929682920177,68.30437779426575,57.65659809112549
893,mof_unit_9853,53.125,0.8140570198020466,68.30437779426575,57.65659809112549
894,mof_unit_9854,65.97222222222221,1.138712280037592,55.661457777023315,40.10416567325592
895,mof_unit_9855,54.090909090909086,0.7132676487605697,63.84316682815552,52.32919454574585
896,mof_unit_9856,46.666666666666664,0.394893192141703,61.28956079483032,44.60347890853882
897,mof_unit_9857,46.400000000000006,0.4058795428909063,52.97088623046875,38.50267231464386
898,mof_unit_9858,55.23809523809524,0.6709154418060449,69.18798685073853,59.899890422821045
899,mof_unit_9859,51.78571428571429,0.5244978931217321,69.03594732284546,59.577393531799316
900,mof_unit_9860,48.0,0.4395060930741377,52.97088623046875,38.50267231464386
901,mof_unit_9861,50.0,0.31571096421083494,42.172619700431824,15.706844627857208
902,mof_unit_9862,62.142857142857146,0.8556538141589666,65.70112705230713,52.04991102218628
903,mof_unit_9863,43.75,0.5419488811653852,63.65740895271301,50.019288063049316
904,mof_unit_9864,56.25,0.7488562322146055,61.28956079483032,44.60347890853882
905,mof_unit_9865,39.0,0.3181637100830252,61.28956079483032,44.60347890853882
906,mof_unit_9866,45.23809523809524,0.40283598925617814,61.84251308441162,50.60691237449646
907,mof_unit_9867,34.92063492063492,0.2609129432927292,59.39539074897766,44.13875639438629
908,mof_unit_9868,61.60714285714286,0.8264333359781392,62.3266875743866,47.97720909118652
909,mof_unit_9869,56.666666666666664,0.7148878550746046,61.28956079483032,44.60347890853882
910,mof_unit_9870,63.8095238095238,0.7360484316822988,65.84967374801636,54.62322235107422
911,mof_unit_9871,40.0,0.33684931000176216,61.28956079483032,44.60347890853882
912,mof_unit_9872,64.48979591836735,0.8681687631553985,48.869046568870544,29.986771941184998
913,mof_unit_9873,30.158730158730158,0.16777773529190457,72.55159020423889,63.6468231678009
914,mof_unit_9874,62.66666666666667,0.665921237907684,72.55159020423889,63.6468231678009
915,mof_unit_9875,48.29545454545455,0.5962510893364632,72.55159020423889,63.6468231678009
916,mof_unit_9876,50.476190476190474,0.4762859401860857,74.17010068893433,67.1875
917,mof_unit_9877,38.19444444444444,0.24273327696240476,52.199411392211914,36.26832962036133
918,mof_unit_9878,59.96326905417815,0.8073331841816875,61.84251308441162,50.60691237449646
919,mof_unit_9879,47.5,0.3635208613653046,71.40561938285828,60.757941007614136
920,mof_unit_9880,47.44897959183674,0.514661840753923,56.1445951461792,39.7011399269104
921,mof_unit_9881,53.333333333333336,0.7665784170622008,72.55159020423889,63.6468231678009
922,mof_unit_9882,42.06349206349206,0.15965387423330674,61.84251308441162,50.60691237449646
923,mof_unit_9883,39.33333333333333,0.34647164093927935,71.39550447463989,62.644994258880615
924,mof_unit_9884,57.99999999999999,0.7316426551741428,51.242583990097046,30.495429039001465
925,mof_unit_9885,54.0,0.5257935605597429,62.683284282684326,50.85043907165527
926,mof_unit_9886,50.0,0.35915806899214126,69.00703310966492,60.94426512718201
927,mof_unit_9887,62.5,0.7390802830042787,62.683284282684326,50.85043907165527
928,mof_unit_9888,63.94557823129252,0.9974196801672403,69.00703310966492,60.94426512718201
929,mof_unit_9889,41.0,0.35518715865900236,52.199411392211914,36.26832962036133
930,mof_unit_9890,54.166666666666664,0.6861074812985197,61.84251308441162,50.60691237449646
931,mof_unit_9891,65.9090909090909,1.154386775974277,59.29705500602722,45.526695251464844
932,mof_unit_9892,69.39393939393939,1.2620373279509989,62.3266875743866,47.97720909118652
933,mof_unit_9893,55.833333333333336,0.6402279472743884,55.786436796188354,39.79076445102692
934,mof_unit_9894,40.833333333333336,0.3422450691536942,55.786436796188354,39.79076445102692
935,mof_unit_9895,56.666666666666664,0.7791418157140674,54.55578565597534,35.69214940071106
936,mof_unit_9896,43.333333333333336,0.31586865243078877,66.34019613265991,52.71501541137695
937,mof_unit_9897,43.333333333333336,0.35480149302138964,56.1445951461792,39.7011399269104
938,mof_unit_9898,33.85416666666667,0.2556668043469152,62.3266875743866,47.97720909118652
939,mof_unit_9899,50.0,0.46899412039244287,56.1445951461792,39.7011399269104
940,mof_unit_9900,36.0,0.22813984885480945,62.3266875743866,47.97720909118652
941,mof_unit_9901,55.1948051948052,0.554604959919058,48.563772439956665,30.233049392700195
942,mof_unit_9902,54.77272727272727,0.6271670719606226,61.150795221328735,47.06349074840546
943,mof_unit_9903,61.42857142857143,0.6231632807980851,76.0455846786499,69.21082735061646
944,mof_unit_9904,61.72839506172839,1.1468495864552697,54.124581813812256,34.70538854598999
945,mof_unit_9905,66.54545454545455,1.1473881035258575,71.15625143051147,62.73958086967468
946,mof_unit_9906,45.0,0.4753137471119665,62.3266875743866,47.97720909118652
947,mof_unit_9907,49.166666666666664,0.5985688442358241,76.0455846786499,69.21082735061646
948,mof_unit_9908,62.857142857142854,0.8773854008255326,62.3266875743866,47.97720909118652
949,mof_unit_9909,28.92857142857143,0.20048257585343693,61.150795221328735,47.06349074840546
950,mof_unit_9910,47.61904761904761,0.3596455149434432,58.057063817977905,42.13768243789673
951,mof_unit_9911,47.0,0.34754876193680173,58.057063817977905,42.13768243789673
952,mof_unit_9912,56.70553935860059,0.7279327653936285,61.150795221328735,47.06349074840546
953,mof_unit_9913,46.875,0.4174431656053689,54.124581813812256,34.70538854598999
954,mof_unit_9914,67.81818181818183,1.2061553500420095,61.150795221328735,47.06349074840546
955,mof_unit_9915,68.40277777777779,1.3792550026369659,68.02532076835632,56.06434345245361
956,mof_unit_9916,40.476190476190474,0.31951303503209494,61.150795221328735,47.06349074840546
957,mof_unit_9917,64.0,0.766891233141566,70.35282254219055,59.93584990501404
958,mof_unit_9918,52.976190476190474,0.6074779245428366,63.20529580116272,51.61675214767456
959,mof_unit_9919,56.94444444444444,0.8709691836529208,63.20529580116272,51.61675214767456
960,mof_unit_9920,51.81818181818182,0.6048798683213639,61.150795221328735,47.06349074840546
961,mof_unit_9921,52.38095238095239,0.4284899944913647,70.35282254219055,59.93584990501404
962,mof_unit_9922,50.0,0.5066273473403927,48.563772439956665,30.233049392700195
963,mof_unit_9923,57.45454545454546,0.8019492403224833,61.150795221328735,47.06349074840546
964,mof_unit_9924,23.42857142857143,0.8019492403224833,61.150795221328735,47.06349074840546
965,mof_unit_9925,50.0,0.5143048961419497,61.150795221328735,47.06349074840546
966,mof_unit_9926,56.00000000000001,0.4215519263704237,48.27697277069092,30.338165163993835
967,mof_unit_9927,54.285714285714285,0.6507841503477899,61.150795221328735,47.06349074840546
968,mof_unit_9928,60.71428571428571,0.7335121929075399,61.150795221328735,47.06349074840546
969,mof_unit_9929,34.285714285714285,0.3132556929555882,61.150795221328735,47.06349074840546
970,mof_unit_9930,55.35714285714286,0.4977851119739023,61.150795221328735,47.06349074840546
971,mof_unit_9931,60.44444444444444,0.6640563924681212,61.150795221328735,47.06349074840546
972,mof_unit_9932,47.5,0.4598727344796387,61.150795221328735,47.06349074840546
973,mof_unit_9933,67.85714285714286,0.9877233189629839,61.150795221328735,47.06349074840546
974,mof_unit_9934,25.5,0.10726380394797805,61.150795221328735,47.06349074840546
975,mof_unit_9935,62.72321428571429,0.9037361655174212,61.150795221328735,47.06349074840546
976,mof_unit_9936,55.35714285714286,0.4849465579918017,61.150795221328735,47.06349074840546
977,mof_unit_9937,50.625,0.5734089531222358,61.150795221328735,47.06349074840546
978,mof_unit_9938,45.0,0.23665490554356866,61.150795221328735,47.06349074840546
979,mof_unit_9939,44.0,0.32509757048270005,61.150795221328735,47.06349074840546
980,mof_unit_9940,60.416666666666664,0.5915121066917063,61.150795221328735,47.06349074840546
